Celimax Dual Barrier Wearable Cream, Water,Glycerin,Caprylic/Capric Triglyceride,Butylene Glycol,Propanediol,Stearic Acid,Cetearyl Alcohol,Methyl Trimethicone,Caprylyl Methicone,"1,2-Hexanediol",C12-16 Alcohols,Panthenol,Olea Europaea (Olive) Fruit Oil,Dipropylene Glycol,Allantoin,Pantolactone,Malt Extract,Ceramide EOP,Ceramide NS,Ceramide NP,Ceramide AS,Ceramide AP,Sodium Hyaluronate,Heptasodium Hexacarboxymethyl Dipeptide-12,Phytosphingosine,Arachidic Acid,Oleic Acid,Palmitic Acid,Glyceryl Stearate SE,Hydrogenated Lecithin,Xanthan Gum,Carbomer,Glucose,Cetearyl Glucoside,Ethylhexylglycerin,Cholesterol,Tocopherol,Tromethamine,Disodium EDTA,good
Anua Heartleaf 77% Soothing Toner, Houttuynia Cordata Extract (77%),Water,"1,2-Hexanediol",Glycerin,Betaine,Panthenol,Saccharum Officinarum (Sugar Cane) Extract,Portulaca Oleracea Extract,Butylene Glycol,Vitex Agnus Castus Extract,Chamomilla Recutita (Matricaria) Flower Extract,Arctium Lappa Root Extract,Phellinus Linteus Extract,Vitis Vinifera (Grape) Fruit Extract,Pyrus Malus (Apple) Fruit Extract,Centella Asiatica Extract,Isopentyldiol,Methylpropanediol,Acrylates/C10-30 Alkyl Acrylate Crosspolymer,Tromethamine,Disodium EDTA,good
PAPA RECIPE Blemish Cream, Galactomyces Ferment Filtrate (60%),Dipropylene Glycol,Caprylic/Capric Triglyceride,Glycerin,Panthenol,Hydrogenated Polydecene,Hydrogenated Polyisobutene,"1,2-Hexanediol",Butylene Glycol,Niacinamide,Cyclopentasiloxane,Cyclohexasiloxane,C12-16 Alcohols,Dimethicone,Hydrogenated Lecithin,Dimethicone/Vinyl Dimethicone Crosspolymer,Palmitic Acid,Acrylates/C10-30 Alkyl Acrylate Crosspolymer,Water,Tromethamine,Glyceryl Stearate,Cetearyl Olivate,C14-22 Alcohols,Stearic Acid,Sorbitan Olivate,Dimethiconol,C12-20 Alkyl Glucoside,Adenosine,C12-14 Sec-Pareth-7,Disodium EDTA,Myristic Acid,Ethylhexylglycerin,Xanthan Gum,Glucose,Camellia Japonica Seed Oil,Ceramide NP,Propylene Glycol,Saccharomyces/Xylinum/Black Tea Ferment,Linoleic Acid,Lactobacillus/Soybean Ferment Extract,Lactobacillus/Acerola Cherry Ferment,Lactobacillus/Punica Granatum Fruit Ferment Extract,Lactobacillus/Wasabia Japonica Root Ferment Extract,Lactobacillus/Hibiscus Sabdariffa Flower Ferment Filtrate,SH-Oligopeptide-1 (0.01Ppm),good
Tocobo Bio Watery Sun Cream, Water,Dibutyl Adipate,Propanediol,Ethylhexyl Triazone,Terephthalylidene Dicamphor Sulfonic Acid,Polyglyceryl-3 Distearate,Niacinamide,Tromethamine,Cetearyl Alcohol,"1,2-Hexanediol",Diethylamino Hydroxybenzoyl Hexyl Benzoate,Pentylene Glycol,Polysilicone-15,Vigna Radiata Seed Extract,Gossypium Herbaceum (Cotton) Extract,Sophora Flavescens Root Extract,Rheum Palmatum Root/Stalk Extract,Scutellaria Baicalensis Root Extract,Phellodendron Amurense Bark Extract,Oenothera Biennis (Evening Primrose) Flower Extract,Ulmus Davidiana Root Extract,Pinus Palustris Leaf Extract,Pueraria Lobata Root Extract,Sodium Hyaluronate,Gossypium Herbaceum (Cotton) Seed Oil,Polymethylsilsesquioxane,Sodium Polyacryloyldimethyl Taurate,Glyceryl Stearate,Bisethylhexyloxyphenol Methoxyphenyl Triazine,Potassium Cetyl Phosphate,Glycerin,Glyceryl Stearate Citrate,Inulin Lauryl Carbamate,Ammonium Acryloyldimethyltaurate/VP Copolymer,Ethylhexylglycerin,Adenosine,Butylene Glycol,Tocopherol,Fragrance,bad
Mizon Black Snail All In One Cream, Snail Secretion Filtrate,Cetearyl Olivate,Niacinamide,Helianthus Annuus (Sunflower) Seed Oil,Butylene Glycol,Sorbitan Olivate,Synthetic Wax,Hydroxyethyl Acrylate/Sodium Acryloyldimethyl Taurate Copolymer,Water,Carbomer,Triethanolamine,Ethylhexylglycerin,Caprylyl Glycol,Sodium Polyacrylate,Adenosine,Tropolone,Coptis Japonica Extract,Disodium EDTA,Allantoin,Panthenol,Theobroma Cacao (Cocoa) Extract,Glycerin,"1,2-Hexanediol",Centella Asiatica (Gotu Kola) Extract,Beta-Glucan,Olea Europaea (Olive) Fruit Oil,Lecithin,Squalane,Phytosterols,Hydrolyzed Pea Protein,Butyrospermum Parkii (Shea) Butter,Copper Tripeptide-1,Solanum Melongena (Eggplant) Fruit Extract,Cassia Tora Seed Extract,Porphyra Tenera Extract,Fagus Sylvatica Seed Extract,Dictyopteris Polypodioides Extract,Allium Sativum (Garlic) Bulb Extract,Prunus Mume Fruit Extract,Polygonum Fagopyrum (Buckwheat) Seed Extract,Rubus Coreanus Fruit Extract,Mirabilis Jalapa Seed Extract,Sepia,Charcoal Powder,Aronia Melanocarpa (Black Chokeberry) Fruit Extract,Euterpe Oleracea (Acai) Fruit Extract,Sambucus Nigra (Elder) Fruit Extract,Morus Alba (White Mulberry) Fruit Extract,Rhus Semialata Extract,Cinnamomum Cassia (Cinnamon) Bark Extract,Rosa Hybrid Flower Extract,Inonotus Obliquus (Mushroom) Extract,Anona Cherimolia Fruit Extract,Coffea Arabica (Coffee) Fruit Extract,Vitis Vinifera (Grape) Fruit Extract,Corthellus Shiitake (Mushroom) Extract,Piper Nigrum (Pepper) Seed Extract,Black Sugar Extract,Ceramide 3,Palmitoyl Pentapeptide-4,rh-Oligopeptide-1,good
Mixsoon Bifida Toner, Bifida Ferment Extract (100%),good
Beauty of Joseon Green Plum Refreshing Cleanser, Water,Prunus Mume Fruit Water,Cocamidopropyl Hydroxysultaine,Phaseolus Radiatus Seed Extract,Sodium Cocoyl Isethionate,Glycerin,Sodium Chloride,Camellia Sinensis Leaf Extract,Houttuynia Cordata Extract,Nelumbo Nucifera Flower Extract,Oryza Sativa (Rice) Extract,Prunus Mume Fruit Extract,Vaccinium Angustifolium (Blueberry) Fruit Extract,Guar Hydroxypropyltrimonium Chloride,Coconut Acid,Ethylhexylglycerin,Caprylyl Glycol,Sodium Isethionate,Citric Acid,Butylene Glycol,"1,2-Hexanediol",Punica Granatum Extract,Clitoria Ternatea Flower Extract,Garcinia Mangostana Peel Extract,Propylene Glycol Laurate,Sodium Citrate,Disodium EDTA,good
Abib Heartleaf Essence Calming Pump, Houttuynia Cordata Extract,Glycerin,Methylpropanediol,Dipropylene Glycol,Glycereth-26,Sodium Hyaluronate,Citrus Aurantium Bergamia (Bergamot) Fruit Oil,Lavandula Angustifolia (Lavender) Oil,Hydroxyethyl Urea,Panthenol,Water,Choleth-24,Acrylates/C10-30 Alkyl Acrylate Crosspolymer,Tromethamine,Caprylyl Glycol,"1,2-Hexanediol",Xanthan Gum,Disodium EDTA,Limonene,Linalool,good
PAPA RECIPE Blemish Serum, Galactomyces Ferment Filtrate,Water,Butylene Glycol,Glycerin,Isopentyldiol,Niacinamide,"1,2-Hexanediol",Bakuchiol,Allantoin,Panthenol,Adenosine,Hydrolyzed Hyaluronic Acid,Hydrolyzed Sodium Hyaluronate,Sodium Benzoate,Sodium Acetylated Hyaluronate,Hydroxypropyltrimonium Hyaluronate,Dimethylsilanol Hyaluronate,Sodium Hyaluronate Crosspolymer,Pentylene Glycol,Hyaluronic Acid,Potassium Hyaluronate,Sodium Hyaluronate,Lactobacillus/Soybean Ferment Extract,Lactobacillus/Punica Granatum Fruit Ferment Extract,Lactobacillus/Acerola Cherry Ferment,Lactobacillus/Wasabia Japonica Root Ferment Extract,Lactobacillus/Hibiscus Sabdariffa Flower Ferment Filtrate,Saccharomyces/Xylinum/Black Tea Ferment,Saccharomyces/Viscum Album (Mistletoe) Ferment Extract,Saccharomyces/Imperata Cylindrica Root Ferment Extract,Ammonium Acryloyldimethyltaurate/VP Copolymer,Cetearyl Olivate,Sorbitan Olivate,Ethylhexylglycerin,Propanediol,Xanthan Gum,Polyglyceryl-10 Laurate,Disodium EDTA,Glyceryl Acrylate/Acrylic Acid Copolymer,Carbomer,Tromethamine,Pvm/Ma Copolymer,good
Skinfood Royal Honey Propolis Essence, Propolis Extract,Royal Jelly Extract,Honey Extract,Dipropylene Glycol,Butylene Glycol,Glycerin,Portulaca Oleracea Extract,Beta-Glucan,Carbomer,Arginine,Sodium Hyaluronate,Hydroxyethylcellulose,Disodium Edta,Water,Phenoxyethanol,good
Isntree Yam Root Vegan Milk Cream, Yam Root Extract (57%),Methylpropanediol,Caprylic/Capric Triglyceride,Cetearyl Alcohol,"1,2-Hexanediol",Glycereth-26,Cetearyl Olivate,Purified Water,Propylene Glycol Dicaprylate/Dicaprate,Sorbitan Olivate,Stearic Acid,Sunflower Seed Oil,Sodium Hyaluronate,Panthenol,Hibiscus Esculentus Fruit Extract,Nelumbo Nucifera Root Extract,Undaria Pinnatifida Extract,Laminaria Japonica Extract,Ceramide NP,Ceramide NS,Ceramide AS,Ceramide AP,Ceramide EOP,Phytosphingosine,Cholesterol,Prunus Amygdalus Dulcis (Sweet Almond) Seed Extract,Avena Sativa (Oat) Meal Extract,Malt Extract,Simethicone,Ammonium Acryloyldimethyltaurate/VP Copolymer,Butylene Glycol,Hydroxyethyl Cellulose,Xanthan Gum,Disodium EDTA,Glycerin,Oryza Sativa (Rice) Extract,Hydrogenated Lecithin,Citric Seed,Glycine Max (Soybean) Seed Extract,Cocos Nucifera (Coconut) Fruit Extract,good
Trader Joe's Retinol Night Serum, Water (Aqua),Propanediol,Caprylic/Capric Triglyceride,Polyglyceryl-4 Laurate/Succinate,Sorbitan Oleate,Sodium Ascorbate,Tocopherol,Sodium Hyaluronate,Phenoxyethanol,Ammonium Acryloyldimethyltaurate/VP Copolymer,Retinol (Vitamin A),Ethylhexylglycerin,Citric Acid,Adansonia Digitata (Baobab) Seed Oil,Phospholipids,Retinyl Palmitate (Vitamin A Palmitate),Tocopheryl Acetate (Vitamin E Acetate),Ascorbyl Palmitate (Vitamin C Palmitate),Salicylic Acid,Sorbic Acid,good
Nineless A-control 10% Azelaic Acid Serum, Aqua (Water),Azelaic Acid,Glycereth-26,Glycerin,Dipropylene Glycol,Niacinamide,Butylene Glycol,"1,2-Hexanediol",Panthenol,Centella Asiatica Leaf Extract,Centella Asiatica Extract,Centella Asiatica Root Extract,Lactic Acid,Propanediol,Polyglyceryl-10 Laurate,Cellulose Gum,Sodium Polyacrylate,Disodium EDTA,Snail Secretion Filtrate,Decyl Glucoside,Salix Alba (Willow) Bark Extract,Cladosiphon Okamuranus Extract,Camellia Sinensis Leaf Extract,Asiatic Acid,Asiaticoside,Acetyl Hexapeptide-8,Madecassic Acid,Madecassoside,Coffea Arabica (Coffee) Seed Extract,Citrus Aurantium Bergamia (Bergamot) Leaf Extract,Pinus Densiflora Leaf Extract,good
haruharu Wonder Black Rice Botanical 2GF Ampoule, Water,Pentylene Glycol,Propanediol,Glycerin,Oryza Sativa (Rice) Extract,Butylene Glycol,Ammonium Acryloyldimethyltaurate/VP Copolymer,"1,2-Hexanediol",Zanthoxylum Piperitum Fruit Extract,Pulsatilla Koreana Extract,Usnea Barbata (Lichen) Extract,Aspergillus Ferment,Cyclodextrin,Panax Ginseng Root Extract,Phyllostachys Pubescens Shoot Bark Extract,Sodium Hyaluronate,Xanthan Gum,Dipotassium Glycyrrhizate,Adenosine,Disodium EDTA,Mannitol,Sodium Chloride,Rice SH-Oligopeptide-1,Chlorella Vulgaris Extract,Madecassoside,Disodium Phosphate,Rice SH-Polypeptide-1,Cynanchum Atratum Extract,Sodium Phosphate,Potassium Phosphate,Potassium Chloride,good
Celimax Dual Barrier Creamy Toner, Water,Dipropylene Glycol,Glycerin,Glycereth-26,"1,2-Hexanediol",Pentaerythrityl Tetraisostearate,Panthenol,Phenyl Trimethicone,Caprylic/Capric Triglyceride,Macadamia Integrifolia Seed Oil,Allantoin,Pantolactone,Ceramide EOP,Ceramide NS,Ceramide NP,Ceramide AS,Ceramide AP,Sodium Hyaluronate,Heptasodium Hexacarboxymethyl Dipeptide-12,Phytosteryl/Octyldodecyl Lauroyl Glutamate,Phytosphingosine,Cetearyl Alcohol,Stearic Acid,Sorbitan Isostearate,Hydrogenated Lecithin,Acrylates/C10-30 Alkyl Acrylate Crosspolymer,Hydroxyethyl Acrylate/Sodium Acryloyldimethyl Taurate Copolymer,Styrene/Vp Copolymer,Caprylyl/Capryl Glucoside,Ethylhexylglycerin,Cholesterol,Tocopherol,Tromethamine,Disodium EDTA,bad
Beauty of Joseon Ginseng Essence Water, Panax Ginseng Root Water,Butylene Glycol,Glycerin,Propanediol,Niacinamide,"1,2-Hexanediol",Water,Hydroxyacetophenone,Glyceryl Glucoside,Xanthan Gum,Panthenol,Dipotassium Glycyrrhizate,Allantoin,Adenosine,Panax Ginseng Callus Culture Extract,Theobroma Cacao(Cocoa) Extract,Dextrin,Glucose,Panax Ginseng Root Extract,Panax Ginseng Berry Extract,Lactobacillus/Panax Ginseng Root Extract Ferment Filtrate,Sodium Hyaluronate,Ethylhexylglycerin,Disodium EDTA,good
Chasin' Rabbits Magic Beauty Shroom, Tremella Mushroom Extract,good
ROUND LAB Birch Juice Sunscreen, Aqua (Water),Dibutyl Adipate,Propanediol,Diethylamino Hydroxybenzoyl Hexyl Benzoate,Polymethylsilsesquioxane,Ethylhexyl Triazone,Methylene Bis-Benzotriazolyl Tetramethylbutylphenol (Nano),Niacinamide,Coco-Caprylate/Caprate,Caprylyl Methicone,Diethylhexyl Butamido Triazone,Glycerin,"1,2-Hexanediol",Butylene Glycol,Pentylene Glycol,Behenyl Alcohol,Poly C10-30 Alkyl Acrylate,Polyglyceryl-3 Methylglucose Distearate,Decyl Glucoside,Tromethamine,Carbomer,Betula Platyphylla Japonica Juice,"Acrylates/C10-30 Alkyl Acrylate Crosspolymer",Sodium Stearoyl Glutamate,Artemisia Annua Extract,Polyacrylate Crosspolymer-6,Anthemis Nobilis Flower Oil,Ethylhexylglycerin,Adenosine,Xanthan Gum,Pinus Sylvestris Leaf Oil,T-Butyl Alcohol,Tocopherol,Allantoin,Dipotassium Glycyrrhizate,Glyceryl Glucoside,Portulaca Oleracea Extract,Sodium Hyaluronate,[Hyaluronic Acid],Ascorbic Acid,good
Centellian24 Madeca Cream Time Reverse, Water,Dipropylene Glycol,Hydrogenated Polydecene,Glycerin,Caprylic/Capric Triglyceride,Cyclohexasiloxane,Glyceryl Stearate,Pentaerythrityl Tetraethylhexanoate,Niacinamide,Cetearyl Alcohol,Polyglyceryl-6 Distearate,Dicaprylyl Ether,Panthenol,Polyglyceryl-10 Laurate,"1,2-Hexanediol",Beeswax,Asiaticoside,Madecassic Acid,Jojoba Esters,bad
MARY & MAY Hyaluronic Panthenol Hydra Mask, Water,Glycerin,Dipropylene Glycol,Hydroxyacetophenone,Polyglyceryl-10 Laurate,Hydroxyethyl Urea,Polyglyceryl-4 Laurate,"Panthenol(1,000Ppm)",Arginine,Carbomer,Caprylyl/Capryl Glucoside,Fragrance,Allantoin,Butylene Glycol,"1,2-Hexanediol",Caprylyl Glycol,Disodium EDTA,Hydroxyethylcellulose,Sodium Hyaluronate(115Ppm),Pentylene Glycol,Sodium Hyaluronate Crosspolymer (6.6Ppm),Hydrolyzed Hyaluronic Acid(5.4Ppm),Hyaluronic Acid(2.4Ppm),Ethylhexylglycerin,Sodium Hyaluronate(0.9Ppm),Hydrolyzed Sodium Hyaluronate(0.3Ppm),good
Celimax Noni Moisture Balancing Toner, Morinda Citrifolia Fruit Extract (80.1%),Butylene Glycol,Water,"1,2-Hexanediol",Hydroxyethyl Urea,Glycine,Serine,Glutamic Acid,Aspartic Acid,Leucine,Alanine,Lysine,Arginine,Tyrosine,Phenylalanine,Proline,Threonine,Valine,Isoleucine,Histidine,Cysteine,Methionine,Morinda Citrifolia Seed Oil,Rosmarinus Officinalis (Rosemary) Leaf Oil,Melia Azadirachta Leaf Extract,Melia Azadirachta Flower Extract,Theobroma Cacao (Cocoa) Extract,Betaine,Allantoin,Dextrin,Caprylic/Capric Triglyceride,C12-13 Pareth-9,Disodium EDTA,Chlorphenesin,bad
Celimax The Real Noni Energy Repair Cream, Morinda Citrifolia Fruit Extract (57%),Glycerin,Methylpropanediol,Hydrogenated Poly(C6-14 Olefin),Methyl Trimethicone,Neopentyl Glycol Diheptanoate,"1,2-Hexanediol",Niacinamide,Butyrospermum Parkii (Shea) Butter,Trehalose,Caprylic/Capric Triglyceride,Polyglyceryl-3 Methylglucose Distearate,Dimethicone/Vinyl Dimethicone Crosspolymer,Cetyl Alcohol,Glyceryl Stearate SE,Morinda Citrifolia Seed Oil,Butylene Glycol,Dipropylene Glycol,Eclipta Prostrata Leaf Extract,Laminaria Japonica Extract,Behenyl Alcohol,Hydrogenated Lecithin,Cetearyl Alcohol,Ethylhexylglycerin,Polyglyceryl-10 Myristate,Rosmarinus Officinalis (Rosemary) Leaf Oil,Melia Azadirachta Leaf Extract,Propanediol,Adenosine,Fructooligosaccharides,Sodium Stearoyl Glutamate,Malt Extract,Beta-Glucan,Cholesterol,Melia Azadirachta Flower Extract,Carbomer,Sodium Hyaluronate,Tromethamine,Acmella Oleracea Extract,Hydrolyzed Hyaluronic Acid,Ceramide NP,Palmitic Acid,Ficus Carica (Fig) Fruit Extract,Centella Asiatica Extract,Stearic Acid,Arginine,Tocopherol,Myristic Acid,Phenoxyethanol,Aloe Barbadensis Leaf Extract,Althaea Rosea Flower Extract,bad
Celimax Noni Ampoule Calming + Radiance, Water,Butylene Glycol,Propanediol,Glycerin,"1,2-Hexanediol",Morinda Citrifolia Fruit Extract (0.7%),Sodium Polyacryloyldimethyl Taurate,Diethoxyethyl Succinate,Allantoin,Octyldodeceth-16,Dipropylene Glycol,Melia Azadirachta Leaf Extract,Sodium Hyaluronate,Ethylhexylglycerin,Adenosine,Disodium EDTA,Panthenol,Glyceryl Polymethacrylate,Melia Azadirachta Flower Extract,Morinda Citrifolia Seed Oil(200Ppm),Hydrogenated Lecithin,Theobroma Cacao (Cocoa) Seed Extract,Rosmarinus Officinalis (Rosemary) Leaf Oil,Dextrin,Cetearyl Olivate,Sorbitan Olivate,Sucrose Palmitate,Citrus Reticulata (Tangerine) Peel Extract,Olea Europaea (Olive) Fruit Oil,Macadamia Integrifolia Seed Oil,Vitis Vinifera (Grape) Seed Oil,Simmondsia Chinensis (Jojoba) Seed Oil,Soluble Collagen,Tocopherol,bad
Mediheal Watermide Toner Pad, Water,Dipropylene Glycol,"1,2-Hexanediol",Betaine,Sodium PCA,Hydroxyacetophenone,Octyldodeceth-16,Hydroxyethyl Urea,Dipotassium Glycyrrhizate,Sodium Citrate,Allantoin,Xanthan Gum,Hydroxyethylcellulose,Citric Acid,Disodium EDTA,Olea Europaea (Olive) Fruit Oil,Glycerin,Sea Water,Myosotis Sylvatica Flower/Leaf/Stem Extract,Butylene Glycol,Polyglyceryl-10 Laurate,Abies Sibirica Oil,Hydrogenated Lecithin,Rosmarinus Officinalis (Rosemary) Leaf Oil,Pseudoalteromonas Ferment Extract,Salvia Sclarea (Clary) Oil,Cetraria Islandica Extract,Mentha Aquatica Extract,Anthemis Nobilis Flower Oil,Juniperus Mexicana Oil,Chamomilla Recutita (Matricaria) Flower Oil,Mangifera Indica (Mango) Fruit Extract,Lactobacillus Ferment,Caprylyl Glycol,bad
MARY & MAY Citrus Unshiu Fruit + Tremella Fuciformis Serum, Citrus Unshiu Fruit Extract,Tremella Fuciformis (Mushroom) Extract,Arbutin,Glycereth-26,"1,2-Hexanediol",Arginine,Carbomer,Ethylhexylglycerin,Caprylyl Glycol,bad
I'm From Rice Toner, Rice Extract,Methylpropanediol,Triethylhexanoin,Hydrogenated Poly (C6-14 Olefin),Niacinamide,Pentylene Glycol,Common Purslane Extract,Rice Bran Extract,Japanese Elm Bark Extract,Amaranthus Caudatus Seed Extract,Hydrogenated Lecithin,Distilled Water,Polyglyceryl-10-Myristate,Butylene Glycol,Adenosine,Cellulose Gum,Ethylhexylglycerin,"1,2-Hexanediol",bad
I'm From Rice Cream, Oryza Sativa (Rice) Bran Water,Water,Glycerin,Butylene Glycol,Cetyl Ethylhexanoate,Pentaerythrityl Tetraethylhexanoate,Hydrogenated Polyisobutene,Synthetic Beeswax,Butyrospermum Parkii (Shea) Butter,Polyglyceryl-3 Methylglucose Distearate,Vinyl Dimethicone,Pentylene Glycol,"1,2-Hexanediol",Behenyl Alcohol,Glyceryl Stearate,Ammonium Acryloyldimethyltaurate/VP Copolymer,Bisabolol,Cetearyl Olivate,Panthenol,Sorbitan Olivate,Caprylyl Glycol,Ethylhexylglycerin,Xanthan Gum,Adenosine,Trisodium Ethylenediamine Disuccinate,Sodium Hyaluronate,Ceramide NP,Hydrolyzed Hyaluronic Acid,Oryza Sativa (Rice) Bran Oil,Tocopherol,Phytosphingosine,Caprylic/Capric Triglyceride,Hydrogenated Lecithin,good
Be Plain Chamomile pH-Balanced Toner, Anthemis Nobilis Flower Extract,Propanediol,Methylpropanediol,Glycerin,Portulaca Oleracea Extract,Trehalose,Centella Asiatica Extract,Ficus Carica (Fig) Fruit Extract,Glycyrrhiza Uralensis (Licorice) Root Extract,Phellodendron Amurense Bark Extract,Hydrogenated Lecithin,Betaine,Butylene Glycol,Allantoin,Cellulose Gum,Disodium EDTA,Ceramide NP,"1,2-Hexanediol",Ethylhexylglycerin,bad
I'm From Fig Boosting Essence, Ficus Carica (Fig) Fruit Extract,Dipropylene Glycol,Glycerin,Propanediol,"1,2-Hexanediol",Water,Pentylene Glycol,Polyglyceryl-10 Laurate,Chlorella Vulgaris Extract,Glucose,Panthenol,Butylene Glycol,Ethylhexylglycerin,Diphenyl Dimethicone,Fructooligosaccharides,Fructose,Triethylhexanoin,Sodium Hyaluronate,Xanthan Gum,Disodium EDTA,Glycine Soja (Soybean) Seed Extract,Allantoin,Betaine Salicylate,Hydrogenated Lecithin,Octanediol,Tocopherol,bad
Peach slices Snail Rescue Mask, Snail Secretion Filtrate,Ammonium Acryloyldimethyltaurate/Beheneth-25 Methacrylate Crosspolymer,"1,2-Hexanediol",Centella Asiatica Extract,Licorice Root Extract,Hydrolyzed Hyaluronic Acid,Sodium Hyaluronate,Hyaluronic Acid,Strawberry Fruit Extract,Sodium Polyacrylate Starch,Betula Alba Juice,Propanediol,Butylene Glycol,Disodium EDTA,Phenoxyethanol,good
BONAJOUR Bio Active Resurrection Plant Essence, Selaginella Lepidophylla Extract,Water,Propanediol,Glycerin,Dipropylene Glycol,Glycereth-26,"1,2-Hexanediol",Niacinamide,Butylene Glycol,Polyglutamic Acid,Sodium Hyaluronate,Glyceryl Glucoside,Carthamus Tinctorius (Safflower) Bud Extract,Opuntia Ficus-Indica Extract,Punica Granatum Fruit Extract,Ficus Carica (Fig) Fruit Extract,Morus Alba Fruit Extract,Ginkgo Biloba Nut Extract,Vaccinium Angustifolium (Blueberry) Fruit Extract,Oenothera Biennis (Evening Primrose) Oil,Moringa Oleifera Seed Oil,Carthamus Tinctorius (Safflower) Seed Oil,Sodium Guaiazulene Sulfonate,Panthenol,Trehalose,Xanthan Gum,Ammonium Acryloyldimethyltaurate/VP Copolymer,Caprylhydroxamic Acid,Pentylene Glycol,Caprylyl Glycol,Adenosine,good
Isntree Hyaluronic Acid Water Sleeping Mask, Water,Dipropylene Glycol,Methylpropanediol,Glycerin,Beta-Glucan,"1,2-Hexanediol",Butylene Glycol,Polyquaternium-51,Sodium Hyaluronate,Centella Asiatica Extract,Ficus Carica (Fig) Fruit Extract,Dioscorea Japonica Root Extract,Hydrogenated Lecithin,Glycosyl Trehalose,Hydrogenated Lecithin,Glycosyl Trehalose,Hydrogenated Starch Hydrolysate,Tromethamine,Betaine,Sodium Chloride,Sodium PCA,Panthenol,Citric Acid,Trisodium EDTA,Dimethicone,Carbomer,Hydrolyzed Corn Starch,Allantoin,Sucrose,Ceramide NP,Tocopherol,Potassium Laurate,Hydroxypropyltrimonium Hyaluronate,Hydrolyzed Hyaluronic Acid,Sodium Acetylated Hyaluronate,Ascorbyl Propyl Hyaluronate,Peg- 240/Hdi Copolymer Bis-Decyltetradeceth-20 Ether,Ethylhexylglycerin,good
Benton Aloe Propolis Soothing Gel, Aloe Barbadensis Leaf Water,Butylene Glycol,Aqua (Water),Pentylene Glycol,"1,2-Hexanediol",Glycerin,Propolis Extract,Aloe Barbadensis Leaf Extract,Betaine,Cucumis Sativus (Cucumber) Fruit Extract,Portulaca Oleracea Extract,Camellia Sinensis Leaf Extract,Allantoin,Aloe Barbadensis Leaf Juice Powder,Zanthoxylum Piperitum Fruit Extract,Pulsatilla Koreana Extract,Usnea Barbata (Lichen) Extract,Acrylates/C10-30 Alkyl Acrylate Crosspolymer,Arginine,good
Mizon All In One Snail Repair Cream, Snail Secretion Filtrate,Cetearyl Olivate,Sorbitan Olivate,Butylene Glycol,Glyceryl Stearate,Dimethicone,Hydrogenated Vegetable Oil,Cetyl Alcohol,Stearyl Alcohol,Palmitic Acid,Stearic Acid,Polyacrylate-13,Carbomer,Triethanolamine,Ethylhexylglycerin,Caprylyl Glycol,PEG/PPG-17/6 Copolymer,Polyisobutene,Sodium Polyacrylate,Water,Adenosine,Tropolone,Polysorbate 20,Disodium EDTA,Betula Platyphylla Japonica Juice,Rubus Idaeus (Raspberry) Fruit Extract,Portulaca Oleracea Extract,Propylene Glycol,Alcohol,Glycerin,"1,2-Hexanediol",Gentiana Lutea Root Extract,Achillea Millefolium Extract,Artemisia Absinthium Extract,Arnica Montana Flower Extract,Camellia Sinensis Leaf Extract,Centella Asiatica Extract,Sodium Hyaluronate,Beta-Glucan,Potassium Sorbate,Copper Tripeptide-1,Palmitoyl Pentapeptide-4,Rh-Oligopeptide-1,good
MARY & MAY Idebenone Blackberry Intense Cream, Rubus Fruticosus (Blackberry) Fruit Extract (21%),Euterpe Oleracea Fruit Extract (21%),Vaccinium Angustifolium (Blueberry) Fruit Extract (21%),Glycerin,Butylene Glycol,Purified Water,Caprylic/Capric Triglyceride,"1,2-Hexanediol",Niacinamide,Cetearyl Alcohol,Cetyl Ethylhexanoate,Isododecane,Ethylhexyl Palmitate,Cetearyl Olivate,Panthenol,Polyglyceryl-3 Methylglucose Distearate,Polyglyceryl-10 Laurate,Sorbitan Olivate,Sodium Polyacrylate,Hydrogenated Lecithin,Ammonium Acryloyldimethyltaurate/VP Copolymer,Acrylates/C10-30 Alkyl Acrylate Crosspolymer,Arginine,Hydrogenated Polydecene,Ethylhexylglycerin,Hydroxydecyl Ubiquinone (500Ppm),Adenosine,Pentylene Glycol,Trideceth-6,Disodium EDTA,Glyceryl Acrylate/Acrylic Acid Copolymer,Sodium Hyaluronate,Caprylyl Glycol,Sodium Hyaluronate Crosspolymer,Stearic Acid,Hydrolyzed Hyaluronic Acid,Hyaluronic Acid,Hydrolyzed Sodium Hyaluronate,Ceramide NP,Ceramide NS,Phytosphingosine,Cholesterol,Ceramide AS,Ceramide AP,Ceramide EOP,badNeogen Real Ferment Micro Essence, Bifida Ferment Lysate,Saccharomyces Ferment Filtrate,Betula Alba Juice,Rice Ferment Filtrate (Sake),Aspergillus Ferment,Glycerin,Dipropylene Glycol,Methyl Gluceth-20,Water,Betaine,Camellia Sinensis Leaf Extract,Ethylhexylglycerin,Trehalose,Lactobacillus,Peg-60 Hydrogenated Castor Oil,Caprylyl Glycol,Trideceth-10,Acrylates/C10-30 Alkyl Acrylate Crosspolymer,Tromethamine,"1,2-Hexanediol",Tropolone,Allantoin,Butylene Glycol,Coptis Japonica Extract,Arginine,Hydroxypropyl Methylcellulose,Hydrogenated Lecithin,Calcium Carbonate,Sodium Hyaluronate,Adenosine,Niacinamide,Dextrin,Glycine,Serine,Glutamic Acid,Aspartic Acid,Leucine,Alanine,Lysine,Tyrosine,Phenylalanine,Proline,Threonine,Valine,Isoleucine,Phenoxyethanol,Histidine,Methionine,Cysteine,bad
Neogen Real Ferment Micro Essence, Bifida Ferment Lysate,Saccharomyces Ferment Filtrate,Betula Alba Juice,Rice Ferment Filtrate (Sake),Aspergillus Ferment,Glycerin,Dipropylene Glycol,Methyl Gluceth-20,Water,Betaine,Camellia Sinensis Leaf Extract,Ethylhexylglycerin,Trehalose,Lactobacillus,Peg-60 Hydrogenated Castor Oil,Caprylyl Glycol,Trideceth-10,Acrylates/C10-30 Alkyl Acrylate Crosspolymer,Tromethamine,"1,2-Hexanediol",Tropolone,Allantoin,Butylene Glycol,Coptis Japonica Extract,Arginine,Hydroxypropyl Methylcellulose,Hydrogenated Lecithin,Calcium Carbonate,Sodium Hyaluronate,Adenosine,Niacinamide,Dextrin,Glycine,Serine,Glutamic Acid,Aspartic Acid,Leucine,Alanine,Lysine,Tyrosine,Phenylalanine,Proline,Threonine,Valine,Isoleucine,Phenoxyethanol,Histidine,Methionine,Cysteine,bad
numbuzin No. 3 Skin Softening Serum, Bifida Ferment Lysate (42%),Galactomyces Ferment Filtrate (21%),Butylene Glycol,Methyl Gluceth-20,Purified Water,Niacinamide,PEG-90,"1,2-Hexanediol",Glycerin,Squalane,Alteromonas Ferment Extract,Silk Extract,Goat Milk Extract,Sodium Hyaluronate,Panthenol,Adenosine,Glycereth-26,Xanthan Gum,Polyglyceryl-3 Distearate,Glyceryl Stearate SE,Glyceryl Stearate Citrate,Polyglyceryl-3 Methylglucose Distearate,Carbomer,Tromethamine,Ethylhexylglycerin,Caprylyl Glycol,Tropolone,Disodium EDTA,bad
Dr. G Royal Black Snail Cream, Water(Aqua/Eau),Snail Secretion Filtrate,Dipropylene Glycol,Glycerin,Cyclohexasiloxane,Cetearyl Alcohol,Caprylic/Capric Triglyceride,Triethylhexanoin,Niacinamide,Hydrogenated Polydecene,Hydrogenated Polyisobutene,Hydrogenated Poly(C6-14 Olefin),Beeswax,"1,2-Hexanediol",Cetearyl Glucoside,Glycosyl Trehalose,Polyglyceryl-2 Stearate,Vinyl Dimethicone,Butylene Glycol,Glyceryl Stearate,Palmitic Acid,Hydrogenated Starch Hydrolysate,Butyrospermum Parkii (Shea) Butter,Cetearyl Olivate,Sorbitan Olivate,Stearyl Alcohol,Stearic Acid,Caprylyl Glycol,Dioscorea Japonica Root Extract,Hydroxyethyl Acrylate/Sodium Acryloyldimethyl Taurate Copolymer,Portulaca Oleracea Extract,Phellinus Linteus Extract,Centella Asiatica Extract,Fragrance(Parfum),Hydrolyzed Corn Starch,Arginine,Xanthan Gum,Carbomer,Hydrogenated Lecithin,Adenosine,Beta-Glucan,Ethylhexylglycerin,Malt Extract,Phytic Acid,Phenethyl Alcohol,Sucrose,Sorbitan Isostearate,Pearl Powder,Tranexamic Acid,Maltodextrin,Glucose,Myristic Acid,Pentylene Glycol,Hydrolyzed Royal Jelly Protein,Zymomonas Ferment Extract,Honey Extract,good
Abib Collagen Gel Mask, Water,Glycerin,Methylpropanediol,Isopentyldiol,Niacinamide,Butylene Glycol,"1,2-Hexanediol",Propanediol,Chondrus Crispus Powder,Collagen Extract,Houttuynia Cordata Extract,Ceratonia Siliqua (Carob) Gum,Macadamia Integrifolia Seed Oil,Melia Azadirachta Leaf Extract,Melia Azadirachta Flower Extract,Sodium Hyaluronate,Ocimum Sanctum Leaf Extract,Curcuma Longa (Turmeric) Root Extract,Corallina Officinalis Extract,Xylitol,Centella Asiatica Leaf Extract,Camellia Sinensis Leaf Extract,Calamine,Diospyros Kaki Leaf Extract,Vitis Vinifera (Grape) Fruit Extract,Carthamus Tinctorius (Safflower) Flower Extract,Coffea Arabica (Coffee) Seed Extract,Polygonum Cuspidatum Root Extract,Castanea Crenata (Chestnut) Shell Extract,Zanthoxylum Piperitum Fruit Extract,Mentha Rotundifolia Leaf Extract,Thymus Vulgaris (Thyme) Leaf Extract,Glycereth-26,Hydroxyethyl Urea,Kaolin (Ci 77004),Hydroxyacetophenone,Polyglyceryl-3 Methylglucose Distearate,Allantoin,Glyceryl Stearate,Glucomannan,Panthenol,Cellulose Gum,Caprylyl Glycol,Potassium Chloride,Octyldodeceth-16,Adenosine,Sodium Phytate,Dextrin,Dipotassium Glycyrrhizate,Tocopherol,Ethylhexylglycerin,Palmitoyl Tripeptide-5,Xanthan Gum,Cetearyl Alcohol,good
Abib Gummy Sheet Mask Heartleaf Sticker, Water,Dipropylene Glycol,Glycerin,Glycereth-26,Houttuynia Cordata Extract,Hydroxyacetophenone,Polyglyceryl-10 Laurate,Caprylyl Glycol,Arginine,Carbomer,Xanthan Gum,Ethylhexylglycerin,"1,2-Hexanediol",Sodium Hyaluronate,Allantoin,Panthenol,Butylene Glycol,Dipotassium Glycyrrhizate,Rosmarinus Officinalis (Rosemary) Leaf Extract,Hydrogenated Lecithin,Niacinamide,Pantolactone,Melaleuca Alternifolia (Tea Tree) Extract,Asiaticoside,Asiatic Acid,Madecassic Acid,Quercetin,Bioflavonoids,Tannic Acid,Disodium EDTA,good
Aestura Ato Barrier 365, Water,Glycerin,Butylene Glycol,Butylene Glycol Dicaprylate/Dicaprate,Pentaerythrityl Tetraisostearate,Cyclopentasiloxane,Squalene,Cetyl Ethylhexanoate,Behenyl Alcohol,Stearic Acid,Hydroxypropyl Bispalmitamide MEA,Cyclohexasiloxane,C14-22 Alcohols,Hydroxypropyl Bislauramide Mea,Mannitol,Arachidyl Alcohol,Cholesterol,Polyacrylate-13,Allantoin,Copernicia Cerifera (Carnauba) Wax Extract,C12-20 Alkyl Glucoside,Arachidyl Glucoside,Dimethiconol,Polyisobutene,Phytosphingosine,Glyceryl Caprylate,Acrylates/Ammonium Methacrylate Copolymer,Carbomer,Tromethamine,Ethylhexylglycerin,Silica,Polysorbate 20,Sorbitan Isostearate,Glucose,Arachidic Acid,Palmitic Acid,Caesalpinia Sappan Stem Powder,Oleic Acid,Tocopherol,bad
Beauty of Joseon Relief Sun Aqua Fresh Sunscreen, Aqua,Oryza Sativa Seed Water,Dibutyl Adipate,Butyloctyl Salicylate,Ethylhexyl Triazone,Terephthalylidene Dicamphor Sulfonic Acid,Drometrizole Trisiloxane,Polyglyceryl-3 Distearate,Diethylamino Hydroxybenzoyl Hexyl Benzoate,Polymethylsilsesquioxane,Tromethamine,"1,2-Hexanediol",Panthenol,Pentylene Glycol,Caprylyl Methicone,Glyceryl Stearate,Silica,Bis-Ethylhexyloxyphenol Methoxyphenyl Triazine,Propanediol,Potassium Cetyl Phosphate,Poly C10-30 Alkyl Acrylate,Methylpropanediol,Carbomer,Acrylates/C10-30 Alkyl Acrylate Crosspolymer,Ethylhexylglycerin,Xanthan Gum,Glycerin,Polyether-1,Avena Sativa Kernel Extract,Cynara Scolymus Leaf Extract,Polyquaternium-51,Camellia Sinensis Leaf Water,Hydrogenated Lecithin,Beta-Glucan,Biosaccharide Gum-1,Ferulic Acid,Inositol,Oryza Sativa Bran Oil,Citric Acid,Ceramide NP,Phytosphingosine,Rice Amino Acids,Sodium Hyaluronate,Rice SH-Oligopeptide-1,bad
Beauty of Joseon Dynasty Cream, Water,Glycerin,Butylene Glycol,Niacinamide,Dipentaerythrityl Hexa C5-0 Acid Esters,Sodium Hyaluronate,Xanthan Gum,Cyclopentasiloxane,Cyclohexasiloxane,Polyacrylate-13,Polyisobutene,Polysorbate 20,Hydrogenated Lecithin,C14-28 Alkyl Acid,Stearyl Alcohol,Behenyl Alcohol,Dimethicone/Vinyl Dimethicone Crosspolymer,Dimethicone,Adenosine,Glyceryl Stearate Se,Cetearyl Alcohol,Polyglyceryl-3 Methylglucose Distearate,Tocopheryl Acetate,Sodium Polyacrylate,Olea Europaea (Olive) Fruit Oil,Helianthus Annuus (Sunflower) Seed Oil,Butyrospermum Parkii (Shea) Butter,Ceramide Np,Trehalose,Calendula Officinalis Flower Extract,Caprylhydroxamic Acid,"1,2-Hexanediol",Raphanus Sativus (Radish) Leaf Extract,Oryza Sativa (Rice) Bran Extract,Cucurbitaceae (Gourd) Extract,Orchid Extract,Honey Extract,Panax Ginseng Root Extract,Carthamus Tinctorius (Safflower) Seed Oil,Phytosphingosine,Ceteareth-20,Glyceryl Citrate/Lactate/Linoleate/Oleate,Fragrance,good
Beauty of Joseon Glow Deep Serum, Oryza Sativa (Rice) Bran Water(68.6 %),Water,Glycerin,Butylene Glycol,"1,2-Hexanediol",Dipropylene Glycol,Alpha-Arbutin(2 %),Niacinamide,Methyl Gluceth-20,Panthenol,Polyglycerin-3,Trehalose,Glyceryl Glucoside,Hydrolyzed Jojoba Esters,Hydroxyethyl Acrylate/Sodium Acryloyldimethyl Taurate Copolymer,Ethylhexylglycerin,Hydroxyethylcellulose,Xanthan Gum,Acrylates/C10-30 Alkyl Acrylate Crosspolymer,Arginine,Disodium EDTA,Coptis Japonica Root Extract,Sorbitan Isostearate,Glucose,Coix Lacryma-Jobi Ma-Yuen Seed Extract,Glycine Soja (Soybean) Seed Extract,Hordeum Distichon (Barley) Extract,Oryza Sativa (Rice) Extract,Sesamum Indicum (Sesame) Seed Extract,Triticum Vulgare (Wheat) Seed Extract,Vigna Radiata Seed Extract,Zea Mays (Corn) Kernel Extract,good
Beauty of Joseon Glow Replenishing Rice Milk, Water,Methylpropanediol,Propanediol,"1,2-Hexanediol",Glycerin,Glycereth-26,Polymethyl Methacrylate,Oryza Sativa (Rice) Extract,Coptis Japonica Root Extract,Ulmus Davidiana Root Extract,Amaranthus Caudatus Seed Extract,Ficus Carica (Fig) Fruit Extract,Centella Asiatica Extract,Theobroma Cacao (Cocoa) Seed Extract,Hydrogenated Lecithin,Sodium Hyaluronate,Panthenol,Hydroxyethyl Urea,Aluminum Chlorohydrate,Butylene Glycol,Microcrystalline Cellulose,Sodium Citrate,Kaolin,Ethylhexylglycerin,Dipotassium Glycyrrhizate,Citric Acid,Dextrin,Ceramide NP,Tocopherol,Rice Amino Acids,bad
By Wishtrend Mandelic Acid 5% Skin Prep Water, Aqua(Water),Mandelic Acid,Butylene Glycol,Beta-Glucan,Panthenol,Glycyrrhiza Glabra Root Extract,Prunus Amygdalus Dulcis Fruit Extract,Sodium Hyaluronate,Centella Asiatica Extract,Sorbitan Sesquioleate,Sorbitol,Glycerin,Houttuynia Cordata Extract,Chlorphenesin,Dimethyl Sulfone,Arginine,Sodium Citrate,Carbomer,Ethylhexylglycerin,PEG-60 Hydrogenated Castor Oil,"1,2-Hexanediol",Natto Gum,bad
CeraVe Moisturizing Cream, Aqua,Glycerin,Cetearyl Alcohol,Caprylic/Capric Triglyceride,Cetyl Alcohol,Ceteareth-20,Petrolatum,Potassium Phosphate,Ceramide NP,Ceramide AP,Ceramide EOP,Carbomer,Dimethicone,Behentrimonium Methosulfate,Sodium Lauroyl Lactylate,Sodium Hyaluronate,Cholesterol,Phenoxyethanol,Disodium EDTA,Dipotassium Phosphate,Tocopherol,Phytosphingosine,Xanthan Gum,Ethylhexylglycerin,bad
Cos De BAHA Azelaic Acid 10% Serum, Aloe Barbadensis Leaf Extract,Propylene Glycol,Azelaic Acid,Polysorbate 20,"1,2-Hexanediol",Propanediol,Panthenol,Niacinamide,Sodium Hyaluronate,Hamamelis Virginiana (Witch Hazel) Leaf Extract,Rosmarinus Officinalis (Rosemary) Extract,Eucalyptus Globulus Leaf Extract,Thymus Vulgaris (Thyme) Extract,Aspalathus Linearis Extract,good
Cos De BAHA TN Tranexamic Niacinamide Serum, *Aloe Barbadensis Leaf Extract,Tranexamic Acid,Niacinamide,Glycereth-26,Betaine,Propanediol,"1,2-Hexanediol",Sodium Hyaluronate,Allantoin,Xanthan Gum,Citric Acid,*Camellia Sinensis Leaf Ext,*Sambucus Nigra Flower Ext,*Momordica Charantia Fruit Ext,bad
COSRX Advanced Snail 96 Mucin Power Essence, Snail Secretion Filtrate,Betaine,Butylene Glycol,"1,2-Hexanediol",Sodium Polyacrylate,Phenoxyethanol,Sodium Hyaluronate,Allantoin,Ethyl Hexanediol,Carbomer,Panthenol,Arginine,good
Klairs Midnight Blue Calming Cream, Water,Cetyl Ethylhexanoate,Butylene Glycol,Glycerin,Sodium Hyaluronate,Caprylic/Capric Triglyceride,Centella Asiatica Extract,Sorbitan Stearate,Cetyl Alcohol,Butyrospermum Parkii (Shea) Butter,Argania Spinosa Kernel Oil,Simmondsia Chinensis (Jojoba) Seed Oil,Sorbitan Sesquioleate,Glyceryl Stearate,Stearic Acid,Portulaca Oleracea Extract,Anthemis Nobilis Flower Extract,Ceramide NP,Polysorbate 60,Bees Wax,Chlorphenesin,Tocopheryl Acetate,Xanthan Gum,Acrylates/C10-30 Alkyl Acrylate Crosspolymer,Morus Alba Root Extract,Tromethamine,Brassica Oleracea Italica (Broccoli) Extract,Guaiazulene,Acetyl Hexapeptide-8,Lecithin,Acetyl Glutamine,SH-Oligopeptide-1,SH-Oligopeptide-2,SH-Polypeptide-1,SH-Polypeptide-9,SH-Polypeptide-11,Bacillus/Soybean/Folic Acid Ferment Extract,Caprylyl Glycol,"1,2-Hexanediol",bad
Goodal Houttuynia Cordata Calming Moisture Sun Cream, Water,Dibutyl Adipate,Propanediol,Polymethylsilsesquioxane,Diisopropyl Sebacate,Diethylamino Hydroxybenzoyl Hexyl Benzoate,Ethylhexyl Triazone,Methylene Bis-Benzotriazolyl Tetramethylbutylphenol,Coco-Caprylate/Caprate,Diethylhexyl Butamido Triazone,Butylene Glycol,Glycerin,"1,2-Hexanediol",Caprylyl Methicone,Pentylene Glycol,Behenyl Alcohol,Poly C10-30 Alkyl Acrylate,Polyglyceryl-3 Methylglucose Distearate,Decyl Glucoside,Tromethamine,Carbomer,Acrylates/C10-30 Alkyl Acrylate Crosspolymer,Sodium Stearoyl Glutamate,Polyacrylate Crosspolymer-6,Ethylhexylglycerin,Xanthan Gum,Houttuynia Cordata Extract,T-Butyl Alcohol,Tocopherol,bad
Heimish All Clean Balm, Ethylhexyl Palmitate,Cetyl Ethylhexanoate,PEG-20 Glyceryl Triisostearate,Polyethylene,PEG-8 Isostearate,Shea Butter,Cocos Nucifera (Coconut) Fruit Extract,Lemon Extract,Freesia Refracta Extract,Prunus Serrulata Flower Extract,Jasmine Extract,Lily Extract,Edelweiss Extract,Nelumbium Speciosum Flower Extract,Rose Extract,Orange Peel Extract,Lavender Oil,Pelargonium Graveolens Flower Oil,Amyris Balsamifera Bark Oil,Grapefruit Peel Oil,Eucalyptus Leaf Oil,Tea Tree Leaf Oil,Mexican Juniper Oil,Boswellia Carterii Oil,Citrus Aurantium Bergamia (Bergamot) Fruit Oil,Tocopheryl Acetate,"1,2-Hexanediol",bad
Hanskin Pore Cleansing Oil (PHA), Glycine Soja (Soybean) Oil,Ethylhexyl Palmitate,Triethylhexanoin,PEG-20 Glyceryl Triisostearate,Helianthus Annuus (Sunflower) Seed Oil,Caprylic/Capric Triglyceride,"1,2-Hexanediol",Litsea Cubeba Fruit Oil,Pentaerythrityl Tetra-Di-T-Butyl Hydroxyhydrocinnamate,Tocopheryl Linoleate,Citrus Aurantium Dulcis (Orange) Peel Oil,Lavandula Angustifolia (Lavender) Oil,Pelargonium Graveolens Oil,Water,Canarium Luzonicum Gum Nonvolatiles,Rosmarinus Officinalis (Rosemary) Leaf Oil,Eucalyptus Globulus Leaf Oil,Citrus Aurantium Amara (Bitter Orange) Flower Oil,Anthemis Nobilis Flower Oil,Gluconolactone(10Ppm),Prunus Armeniaca (Apricot) Kernel Oil,Squalane,Camellia Kissi Seed Oil,Simmondsia Chinensis (Jojoba) Seed Oil,Butylene Glycol,Allantoin,Melaleuca Alternifolia (Tea Tree) Leaf Oil,Glycerin,Camellia Sinensis Leaf Extract,Camellia Japonica Flower Extract,Rhus Semialata Gall Extract,Oxygen,Nelumbium Speciosum Flower Extract,Pentylene Glycol,bad
Banila Co Clean It Zero Calming Cleansing Balm, Cetyl Ethylhexanoate,Ethylhexyl Stearate,PEG-20 Glyceryl Triisostearate,PEG-10 Isostearate,Synthetic Wax,"1,2-Hexanediol",Water,Butylene Glycol,Olea Europaea (Olive) Fruit Oil,Centella Asiatica Extract,Simmondsia Chinensis (Jojoba) Seed Oil,Onsen-Sui,Dipropylene Glycol,Eucalyptus Globulus Leaf Oil,Citrus Aurantium Bergamia (Bergamot) Fruit Oil,Guaiazulene,Rosmarinus Officinalis (Rosemary) Leaf Oil,Anthemis Nobilis Flower Oil,Chamomilla Recutita (Matricaria) Flower Extract,Lactobacillus Ferment,Asiaticoside,Asiatic Acid,Madecassoside,Madecassic Acid,bad
Heimish All Clean Balm Mandarin, Ethylhexyl Palmitate,Cetyl Ethylhexanoate,PEG-20 Glyceryl Triisostearate,Synthetic Wax,PEG-8 Isostearate,Synthetic Wax,Artemisia Vulgaris Oil,Citrus Aurantium Amara (Bitter Orange) Leaf/Twig Oil,Lavandula Angustifolia (Lavender) Oil,Litsea Cubeba Fruit Oil,Laurus Nobilis Leaf Extract,Cetyl PEG/PPG-10/1 Dimethicone,"1,2-Hexanediol",Curcuma Longa (Turmeric) Root Extract,Melia Azadirachta Flower Extract,Melia Azadirachta Leaf Extract,Corallina Officinalis Extract,Melia Azadirachta Bark Extract,Moringa Oleifera Seed Oil,Ocimum Sanctum Leaf Extract,Tocopheryl Acetate,Eclipta Prostrata Extract,Melia Azadirachta Leaf Extract,Moringa Oleifera Seed Oil,Glycerin,Moringa Oleifera Seed Oil,Ceramide NP,Phytosphingosine,Hydrogenated Lecithin,Moringa Oleifera Seed Oil,Octyldodecanol,Oleyl Alcohol,Butyrospermum Parkii (Shea) Butter,Candida Bombicola/Glucose/Methyl Rapeseedate Ferment,Glycine Soja (Soybean) Sterols,Tocopherol,Citrus Junos Fruit Oil,Citrus Unshiu Fruit Oil,Water,"1,2-Hexanediol",Citrus Reticulata (Tangerine) Fruit Extract,Water,Butylene Glycol,Camellia Sinensis Leaf Extract,Vaccinium Macrocarpon (Cranberry) Fruit Extract,Water,Butylene Glycol,Carica Papaya (Papaya) Fruit Extract,bad
Illiyoon Ceramide Ato Concentrate Cream, Purified Water,Butylene Glycol,Glycerin,Cetyl Ethylhexanoate,Pentaerythrityl Tetraisostearate,Stearic Acid,Cyclopentasiloxane,Palmitic Acid,Behenyl Alcohol,Panax Ginseng Root Extract,Magnolia Biondii Flower Extract,Perilla Ocymoides Seed Extract,Lactobacillus/Soybean Ferment Extract,Hydroxypropyl Bispalmitamide MEA (Ceramide Pc-104 6310Ppm),C12-20 Alkyl Glucoside,C14-22 Alcohols,Glyceryl Caprylate,Dimethiconol,Mannitol,Cyclohexasiloxane,Silica,Arachidyl Glucoside,Arachidyl Alcohol,Acrylates/Ammonium Methacrylate Copolymer,Ethylhexylglycerin,Cholesterol,Polysorbate 20,Polyacrylate-13,Polyisobutene,Propanediol,bad
Illiyoon Ceramide Ato Soothing Gel, Water/Aqua/Eau,Propanediol,Glycerol,Squalane,Caprylic/Capric Triglyceride,Polyglyceryl-3 Methylglucose Distearate,"1,2-Hexanediol",Ammonium Acryloyldimethyltaurate/VP Copolymer,Carbomer,Tromethamine,Glyceryl Caprylate,Ethylhexylglycerin,Betaine,Ceramide NP (Ceramide 3),Tocopherol (Vitamin E),bad
iUnik Beta-Glucan Power Moisture Serum, Water,Butylene Glycol,"1,2-Hexanediol",Ethylhexylglycerin,Beta-Glucan,Sodium PCA,bad
JM Solution Water Luminous Golden Cocoon Sheet Mask, Water,Butylene Glycol,Niacinamide,Glycerin,Methylpropanediol,Caprylic/Capric Triglyceride,Olive Oil PEG-8 Esters,Polysorbate 60,Glyceryl Stearate,PEG-100 Stearate,Polyglyceryl-2 Laurate,Glyceryl Caprate,Sodium Polyacrylate,"1,2-Hexanediol",Caprylyl Glycol,Arginine,"Silkworm Extract (1,000 Ppm)",Allantoin,Carbomer,Cyclohexasiloxane,Salix Alba (Willow) Bark Extract,Adenosine,Illicium Verum (Anise) Fruit Extract,Disodium EDTA,Sodium Hyaluronate,Polyglyceryl-10 Laurate,Fragrance,Lactobacillus/Soybean Ferment Extract,Hydrolyzed Silk,"Silk Amino Acids (5,000Ppb)",Phenoxyethanol,Ethylhexylglycerin,Octyldodecanol,Camellia Japonica Seed Oil,Cetyl Ethylhexanoate,Xanthan Gum,Butylene Glycol Dicaprylate/Dicaprate,Rice Ferment Filtrate (Sake),Arnica Montana Flower Extract,Hydroxyethyl Acrylate/Sodium Acryloyldimethyl Taurate Copolymer,Hippophae Rhamnoides Fruit Extract,Gardenia Florida Flower Extract,Helichrysum Italicum Flower Water,Punica Granatum Fruit Water,Chamaecyparis Obtusa Water,Bambusa Vulgaris Water,Aloe Barbadensis Leaf Water,Moringa Pterygosperma Seed Extract,Sorbitan Isostearate,Milk Protein Extract,Tilia Europaea Flower Extract,Nelumbo Nucifera Root Extract,Hydrolyzed Hyaluronic Acid,Copper Tripeptide-1,Sodium Acetylated Hyaluronate,good
JM Solution Honey Luminous Royal Propolis Mask, Purified Water,Glycerin,Butylene Glycol,Kava Leaf /Root/Stem Extract,Propolis Extract,Royal Jelly Extract,Cacao Seed Extract,Indian Myrtle Flower Extract,Indian Myrtle Leaf Extract,Turmeric Extract,Holy Basil Leaf Extract,Aesculus Hippocastanum (Horse Chestnut) Seed Extract,Sodium Hyaluronate,Hydrogenated Lecithin,Panthenol,Trehalose,Hydroxyethyl Cellulose,Carbomer,PEG-60 Hydrogenated Castor Oil,Arginine,Allantoin,Disodium Edetate,Glyceryl Acrylate/Acrylic Acid Copolymer,Honey,Dextrin,Hydroxypropyltrimonium Hyaluronate,Hydrolyzed Hyaluronic Acid,Acetyl Hexapeptide-8,Copper Tripeptide-1,Tripeptide-1,Palmitoyl Pentapeptide-4,Hexapeptide-9,Fragrance,"1,2-Hexanediol",Hydroxyacetophenone,Caprylyl Glycol,good
PAPA RECIPE Bombee Honey Mask, Water,Glycerin,Butylene Glycol,Methyl Hydroxyethylcellulose,Glyceryl Acrylate/Acrylic Acid Copolymer,Propylene Glycol,Pvm/Ma Copolymer,Trehalose,PEG-60 Hydrogenated Castor Oil,Panthenol,Carbomer,Arginine,Disodium EDTA,Allantoin,Dipotassium Glycyrrhizate,Sodium Hyaluronate,Glycyrrhiza Glabra (Licorice) Root Extract,"1,2-Hexanediol",Caprylyl Glycol,Schisandra Chinensis (Schizandra Berry) Fruit Extract,Coptis Japonica Extract,Zingiber Officinale (Ginger) Root Extract,Camellia Sinensis (Green Tea) Leaf Extract,Citrus Grandis (Grapefruit) Seed Extract,Acorus Gramineus Root/Stem Extract,Perilla Ocymoides (Beefsteak Plant) Leaf Extract,Honey Extract,Propolis Extract,Fragrance,good
JUMISO All Day Vitamin Brightening & Balancing Facial Serum, Hippophae Rhamnoides (Sea Buckthorn) Fruit Extract (86.14%),Methylpropanediol,Glycerin,Niacinamide,Dipropylene Glycol,Sodium Hyaluronate,PEG-2 Hydrogenated Castor Oil,Centella Asiatica (Gotu Kola) Extract,Polygonum Cuspidatum (Japanese Knotweed) Root Extract,Scutellaria Baicalensis (Baikal Skullcap) Root Extract,Camellia Sinensis (Green Tea) Leaf Extract,Glycyrrhiza Glabra (Licorice) Root Extract,Chamomilla Recutita (Matricaria) Flower Extract,Rosmarinus Officinalis (Rosemary) Leaf Extract,Panthenol,Betaine,Ascorbic Acid,Hydroxyacetophenone,Pentylene Glycol,Caprylyl Glycol,Butylene Glycol,Chlorphenesin,Carbomer,Arginine,Disodium EDTA,Pelargonium Graveolens (Geranium) Flower Oil,Cymbopogon Martini (Palmarosa) Oil,Cananga Odorata (Ylang Ylang) Oil,Citrus Aurantium Bergamia (Bergamot) Peel Oil,Rosa Damascena (Rose) Flower Oil,bad
Some By Mi Galactomyces Pure Vitamin C Glow Serum, Galactomyces Ferment Filtrate,Dipropylene Glycol,Glycerin,Ascorbic Acid,Butylene Glycol,"1,2-Hexanediol",Niacinamide,Tromethamine,Water,Trehalose,C12-14 Pareth-12,Allantoin,Hydroxyethylcellulose,Xanthan Gum,Ethylhexylglycerin,Adenosine,Citrus Aurantium Bergamia (Bergamot) Fruit Oil,Hydrogenated Lecithin,Glyceryl Acrylate/Acrylic Acid Copolymer,Sodium Hyaluronate,Pvm/Ma Copolymer,Polyglyceryl-10 Stearate,Lavandula Angustifolia (Lavender) Oil,Panthenol,Sodium Ascorbyl Phosphate,Phenylethyl Resorcinol,Propolis Extract,Aronia Melanocarpa Fruit Extract,Bambusa Vulgaris Extract,Aspalathus Linearis Extract,Saccharide Hydrolysate,Maltodextrin,Ficus Carica (Fig) Fruit Extract,Phoenix Dactylifera (Date) Fruit Extract,Tuber Magnatum Extract,Pyridoxine,Houttuynia Cordata Extract,Folic Acid,Biotin,Opuntia Ficus-Indica Extract,Opuntia Coccinellifera Fruit Extract,Caprylic/Capric Triglyceride,Adansonia Digitata Seed Extract,Leuconostoc/Radish Root Ferment Filtrate,Sparassis Crispa Extract,Calendula Officinalis Flower Extract,Brassica Oleracea Italica (Broccoli) Extract,Tocopherol,Cyanocobalamin,Vaccinium Myrtillus Fruit Extract,Vaccinium Macrocarpon (Cranberry) Fruit Extract,Vaccinium Angustifolium (Blueberry) Fruit Extract,Rubus Idaeus (Raspberry) Fruit Extract,Rubus Fruticosus (Blackberry) Fruit Extract,Ribes Nigrum (Black Currant) Fruit Extract,Euterpe Oleracea Fruit Extract,Spirulina Maxima Extract,Thiamine Hcl,Linoleic Acid,Inositol,Astaxanthin,Caramel,Linalool,Limonene,bad
Manyo Factory Bifida Biome Ampoule Mask, Water,Methylpropanediol,"1,2-Hexanediol",Glycerin,Niacinamide,Butylene Glycol,"Bifida Ferment Lysate(10,000Ppm)",Lactobacillus Ferment Lysate,Lactococcus Ferment Lysate,Saccharomyces Ferment Filtrate,Lactobacillus Ferment,Chrysanthemum Zawadskii Extract,Glycyrrhiza Uralensis (Licorice) Root Extract,Anastatica Hierochuntica Extract,Artemisia Capillaris Extract,Hamamelis Virginiana (Witch Hazel) Water,Hyaluronic Acid,Hydrolyzed Hyaluronic Acid,Sodium Hyaluronate,Ceramide NP,Panthenol,Leonurus Sibiricus Extract,Paeonia Albiflora Flower Extract,Hydroxyethyl Urea,Tromethamine,Cynanchum Atratum Extract,Oenothera Biennis (Evening Primrose) Flower Extract,Madecassoside,Isoleucine,Histidine,Cysteine,Cyperus Rotundus Root Extract,Aspartic Acid,Allantoin,Dextrin,Sodium Phytate,Propanediol,Glycine,Serine,Glutamic Acid,Theobroma Cacao (Cocoa) Seed Extract,Althaea Rosea Flower Extract,Ethylhexylglycerin,Polyglyceryl-10 Laurate,Polyglyceryl-10 Myristate,Leucine,Alanine,Lysine,Arginine,Tyrosine,Phenylalanine,Proline,Threonine,Valine,Pinus Palustris Leaf Extract,Pueraria Thunbergiana Root Extract,Ulmus Davidiana Root Extract,Methionine,Carbomer,Caffeine,Xanthan Gum,Adenosine,Cutibacterium Granulosum Ferment Extract Filtrate(77Ppb),Bifida Ferment Filtrate(23Ppb),bad
KAINE Vegan Collagen Youth Cream, Tremella Fuciformis (Mushroom) Extract,Glycerin,Water,Ethylhexyl Stearate,Hydrogenated Polyisobutene,Polyglyceryl-3 Distearate,Diisostearyl Malate,Caprylic/Capric Triglyceride,Butylene Glycol,Niacinamide,Pentylene Glycol,Vinyl Dimethicone,Hydrogenated Coco-Glycerides,"1,2-Hexanediol",Theobroma Grandiflorum Seed Butter,Simmondsia Chinensis (Jojoba) Seed Oil,Sodium Hyaluronate,Soluble Collagen,Hydrolyzed Hyaluronic Acid,Hyaluronic Acid,Glyceryl Stearate,Panthenol,Boron Nitride,Hydroxyethyl Acrylate/Sodium Acryloyldimethyl Taurate Copolymer,Glyceryl Stearate Citrate,Hydrogenated Lecithin,Palmitic Acid,Stearic Acid,Allantoin,Dipotassium Glycyrrhizate,Ethylhexylglycerin,Tromethamine,Adenosine,Polyglyceryl-10 Stearate,Lauroyl Lysine,Sodium Phytate,Sorbitan Isostearate,Cholesterol,Beta-Glucan,Hydroxypropyltrimonium Hyaluronate,Tocopherol,Sodium Acetylated Hyaluronate,Hydrolyzed Sodium Hyaluronate,Sodium Hyaluronate Crosspolymer,Potassium Hyaluronate,Cetearyl Alcohol,Xanthan Gum,Carbomer,bad
KAINE Kombu Balancing Ampoule Toner, Saccharomyces/Xylinum/Black Tea Ferment (60%),Water,Propanediol,Glycerin,Dipropylene Glycol,"1,2-Hexanediol",Betaine,Glycereth-26,Chondrus Crispus Extract,Saccharum Officinarum (Sugarcane) Extract,Theobroma Cacao (Cocoa) Seed Extract,Cynanchum Atratum Extract,Sodium Hyaluronate,Althaea Rosea Flower Extract,Hydrolyzed Hyaluronic Acid,Hyaluronic Acid,Panthenol (1%),Hydroxyethyl Urea,Glyceryl Glucoside,Acrylates/C10-30 Alkyl Acrylate Crosspolymer,Ethylhexylglycerin,Butylene Glycol,Tromethamine,Dextrin,Allantoin,Glucose,Beta-Glucan,Hydroxypropyltrimonium Hyaluronate,Tocopherol,Sodium Acetylated Hyaluronate,Hydrolyzed Sodium Hyaluronate,Sodium Hyaluronate Crosspolymer,Potassium Hyaluronate,bad
Kikumasamune Sake High Moisture Skin Lotion Toner, Water,Glycerin,Butylene Glycol,Rice Ferment Filtrate (Sake),Glutamate,Arginine,Leucine,Ceramide 3,Ceramide 6 II,Placental Protein,Arbutin,Dipotassium Glycyrrhizate,Glycine Soja (Soybean) Protein,Maltitol,Methyl Gluceth-10,PEG-60 Hydrogenated Castor Oil,Hydroxyethylcellulose,Sodium Styrene/Acrylates Copolymer,Citric Acid,Sodium Citrate,Phenoxyethanol,Methylparaben,Fragrance,good
KSECRET - SEOUL 1988 Serum : Retinal Liposome 2% + Black Ginseng, Panax Ginseng Root Extract,Water,Glycerin,Dipropylene Glycol,Caprylic/Capric Triglyceride,"1,2-Hexanediol",Niacinamide,Butylene Glycol,Methyl Gluceth-20,Polyglyceryl-3 Methylglucose Distearate,Hydrogenated Lecithin,Sorbitan Stearate,Ammonium Acryloyldimethyltaurate/VP Copolymer,Macadamia Ternifolia Seed Oil,Carbomer,Tromethamine,Betaine,Tocopherol,Ethylhexylglycerin,Helianthus Annuus (Sunflower) Seed Oil,Adenosine,Disodium EDTA,Cholesterol,Polyglyceryl-10 Oleate,Brassica Campestris (Rapeseed) Sterols,Phytosteryl/Behenyl/Octyldodecyl Lauroyl Glutamate,Retinal,Silica,Aluminum/Magnesium Hydroxide Stearate,Potassium Cetyl Phosphate,Pentaerythrityl Tetra-Di-T-Butyl Hydroxyhydrocinnamate,Arctium Lappa Root Extract,Cnidium Officinale Root Extract,Dioscorea Japonica Root Extract,Paeonia Suffruticosa Root Extract,Rehmannia Chinensis Root Extract,3-0-Ethyl Ascorbic Acid,Bakuchiol,SH-Oligopeptide-1,SH-Oligopeptide-2,SH-Polypeptide-1,good
K-Secret Collagen Boosting Secret Sleeping Mask, Water,Glycerin,Butylene Glycol,Glycereth-26,Cetyl Ethylhexanoate,Niacinamide,Panthenol,"1,2-Hexanediol",Betaine,Trehalose,Propanediol,Cetearyl Olivate,Hydroxyacetophenone,Polyacrylate-13,Tromethamine,Sorbitan Olivate,Acrylates/C10-30 Alkyl Acrylate Crosspolymer,Zea Mays (Corn) Starch,Glyceryl Acrylate/Acrylic Acid Copolymer,Carbomer,Tocopheryl Acetate,Polyisobutene,Mannitol,Microcrystalline Cellulose,Tocopherol,Lavandula Angustifolia (Lavender) Oil,Ethylhexylglycerin,Caprylyl Methicone,Adenosine,Helianthus Annuus (Sunflower) Seed Oil,Disodium EDTA,Sodium Starch Octenylsuccinate,Polysorbate 20,Citrus Aurantium Dulcis (Orange) Peel Oil,Dipotassium Glycyrrhizate,Sorbitan Isostearate,Citrus Aurantium Bergamia (Bergamot) Fruit Oil,Hydrolyzed Collagen,Portulaca Oleracea Extract,Soluble Collagen,Dimethyl Isosorbide,Acacia Senegal Gum,Biosaccharide Gum-1,Glyceryl Glucoside,Hyaluronic Acid,Sodium Hyaluronate,Ammonium Polyacryloyldimethyl Taurate,Betula Alba Juice,Hydrolyzed Hyaluronic Acid,Hydrogenated Lecithin,Leontopodium Alpinum Callus Culture Extract,Pelargonium Graveolens Flower Oil,Hydroxyethylcellulose,Hydroxypinacolone Retinoate,Santalum Album (Sandalwood) Oil,Chamomilla Recutita (Matricaria) Flower Oil,Styrax Benzoin Gum,Rose Flower Oil,Hamamelis Virginiana (Witch Hazel) Leaf Extract,Camellia Sinensis Leaf Extract,Hippophae Rhamnoides Extract,Myrciaria Dubia Fruit Extract,Rumex Crispus Root Extract,Thymus Serpyllum Extract,Fragaria Chiloensis (Strawberry) Fruit Extract,Oenothera Biennis (Evening Primrose) Flower Extract,Pueraria Lobata Root Extract,Pinus Palustris Leaf Extract,Ulmus Davidiana Root Extract,Rubus Fruticosus (Blackberry) Fruit Extract,Vaccinium Angustifolium (Blueberry) Fruit Extract,Euterpe Oleracea Fruit Extract,Atelocollagen,Rubus Idaeus (Raspberry) Fruit Extract,Sambucus Nigra Fruit Extract,Vaccinium Macrocarpon (Cranberry) Fruit Extract,Limonene,Linalool,bad
LANEIGE Bouncy & Firm Sleeping Mask, Water/Aqua/Eau,Butylene Glycol,Glycerin,Dimethicone,"1,2-Hexanediol",Squalane,Diisostearyl Malate,C12-16 Alcohols,Ammonium Acryloyldimethyltaurate/Beheneth-25 Methacrylate Crosspolymer,Cetearyl Alcohol,Palmitic Acid,Hydrogenated Lecithin,Dimethicone/Vinyl Dimethicone Crosspolymer,Sodium Polyacrylate Starch,Stearic Acid,Hydroxypropyl Bispalmitamide MEA,Mannitol,Lactobacillus Ferment Lysate,Propanediol,Ammonium Acryloyldimethyltaurate/VP Copolymer,Cetearyl Glucoside,Xanthan Gum,Glyceryl Caprylate,Disodium EDTA,Ethylhexylglycerin,Allantoin,Adenosine,Fragrance/Parfum,Acrylates/Ammonium Methacrylate Copolymer,Caprylyl Glycol,Carbomer,Cholesterol,Linalool,Silica,Malachite Extract,Citronellol,Geraniol,Hydroxycitronellal,Carthamus Tinctorius (Safflower) Flower Extract,Dextrin,Benzyl Salicylate,Cyanocobalamin,Hydrolyzed Collagen,Sodium Hyaluronate,Paeonia Albiflora Root Extract,Tocopherol,Hydrolyzed Hyaluronic Acid,Acetyl Tetrapeptide-2,Sodium Hyaluronate Crosspolymer,Hyaluronic Acid,Paeonia Albiflora Flower Extract,Sodium Acetylated Hyaluronate,bad
Rotho mentholatum Melano CC, Ascorbic Acid (Active Vitamin C),Pyridoxine Hydrochloride (Vitamin B6),Allantoin,Isopropyl Methylphenol,3-O-Ethyl Ascorbic Acid,L-Ascorbic Acid 2-Glucoside (Ascorbic Acid),Vitamin C Tetraisopalmitate,Vitamin E,Alpinia Katsumadai Seed Extract,Lemon Extract,Grapefruit Extract,Serine,BG,"1,3-Propanediol","3-Methyl-1,3-Butanediol",Pg,PEG-8,Absolute Ethanol,Poe-Pop Decyl Tetradecyl Ether,Na Pyrosulfite,Edetate,Fragrance,bad
Naturie Hatomugi Moisturizing Gel, Water,Glycerin,Dipropylene Glycol,Methyl Gluceth-10,PEG/PPG/Polybutylene Glycol-8/5/3 Glycerin,Butylene Glycol,Sodium Hyaluronate,Coix Lacryma-Jobi Ma-Yuen Seed Extract,Rosmarinus Officinalis Leaf Extract,Lavandula Angustifolia Flower Extract,Salvia Officinalis Extract,Thymus Vulgaris Flower/Leaf Extract,Rosa Canina Fruit Extract,Cucumis Sativus Fruit Extract,Alcohol,Xanthan Gum,Styrene/Acrylates Copolymer,PEG-60 Hydrogenated Castor Oil,Citric Acid,Sodium Citrate,Phenoxyethanol,Methylparaben,Propylparaben,bad
Naturie Hatomugi Skin Conditioner, Water,Butylene Glycol,Dipotassium Glycyrrhizate,Coix Lacryma-Jobi (Job'S Tears) Seed Extract,Styrene/Acrylates Copolymer,Dipropylene Glycol,Alcohol,Citric Acid,Sodium Citrate,Methylparaben,Propylparaben,bad
ROUND LAB Birch Juice Moisturizing Cream, Water,Glycerine,Isononyl Isononanoate,Isododecane,"1,2-Hexanediol",Pentylene Glycol,Polydecene,"Betula Alba Juice (10,000 Ppm)",Jojoba Esters,Panthenol,Glyceryl Glucoside,Acacia Senegal Gum,Hydrolyzed Hibiscus Esculentus Extract,Sodium Hyaluronate,Hyaluronic Acid,Lupinus Albus Seed Extract,Moringa Oleifera Seed Extract,Melia Azadirachta Leaf Extract,Melia Azadirachta Flower Extract,Coccinia Indica Fruit Extract,Aloe Barbadensis Flower Extract,Solanum Melongena (Eggplant) Fruit Extract,Ocimum Basilicum (Basil) Leaf Extract,Corallina Officinalis Extract,Curcuma Longa (Turmeric) Root Extract,Ascorbic Acid,Pentaerythrityl Tetraethylhexanoate,Ammonium Acryloyldimethyltaurate/VP Copolymer,Polyglyceryl-3 Methylglucose Distearate,Acrylates/C10-30 Alkyl Acrylate Crosspolymer,Tromethamine,Glyceryl Acrylate/Acrylic Acid Copolymer,Ethylhexylglycerin,Agar,Dipotassium Glycyrrhizate,Glyceryl Caprylate,Butylene Glycol,Disodium EDTA,bad
ROUND LAB Birch Juice Moisturizing Sun Cream, Water,Dibutyl Adipate,Propanediol,Diethylamino Hydroxybenzoyl Hexyl Benzoate,Polymethylsilsesquioxane,Ethylhexyl Triazone,Niacinamide,Methylene Bis-Benzotriazolyl Tetramethylbutylphenol,Coco-Caprylate/Caprate,Caprylyl Methicone,Diethylhexyl Butamido Triazone,Glycerin,"1,2-Hexanediol",Butylene Glycol,"Birch Sap (1,425Ppm)",Sodium Hyaluronate,Hyaluronic Acid,Glyceryl Glucoside,Dipotassium Glycyrrhizate,Allantoin,Portulaca Oleracea Extract,Artemisia Annua Extract,Pinus Sylvestris Leaf Extract,Anthemis Nobilis (Chamomile) Flower Oil,Acrylate/C10-30 Alkyl Acrylate Crosspolymer,Sodium Stearoyl Glutamate,Polyacrylate Crosspolymer-6,Ethylhexylglycerin,Ascorbic Acid,Adenosine,Pentylene Glycol,Behenyl Alcohol,Poly C10-30 Alkyl Acrylate,Polyglyceryl-3 Methylglucose Distearate,Decyl Glucoside,Tromethamine,Xanthan Gum,T-Butyl Alcohol,Tocopherol,Carbomer,good
ROUND LAB 1025 Dokdo Cream, Purified Water,Glycerin,Caprylic/Capric Triglyceride,Dipropylene Glycol,Hydrogenated Poly (C6-14 Olefin),Cetearyl Alcohol,Methyl Trimethicone,"1,2-Hexanediol",Caprylyl Methicone,Phenyl Trimethicone,C12-16 Alcohols,Shea Butter,Sea Water,Irish Moss Extract,Sugar Cane Extract,Hyaluronic Acid,Hydrolyzed Hyaluronic Acid,Sodium Hyaluronate,Glyceryl Stearate SE,Ceramide AP,Ceramide AS,Ceramide EOP,Ceramide NP,Ceramide NS,Polymethylsilsesquioxane,Palmitic Acid,Cetearyl Glucoside,Cetearyl Olivate,Sorbitan Olivate,Hydrogenated Lecithin,Carnauba Wax,Stearic Acid,Ammonium Acryloyldimethyl Taurate/VP Copolymer,Ethylhexylglycerin,Glyceryl Caprylate,Allantoin,Panthenol,Butylene Glycol,Beta-Glucan,Cholesterol,Phytosphingosine,Disodium EDTA,bad
Skin&Lab Barrierderm Intensive Cream, Water,Glycerin,Hydrogenated Poly(C6-14 Olefin),Bis-Diglyceryl Polyacyladipate-2,Cetearyl Alcohol,Butylene Glycol,Butyrospermum Parkii (Shea) Butter,Caprylic/Capric Triglyceride,Sorbitol,Cyclopentasiloxane,Beeswax,Cetearyl Olivate,Mangifera Indica (Mango) Seed Butter,Pentylene Glycol,Sorbitan Olivate,Cyclohexasiloxane,Dimethicone,Glyceryl Stearate,Sodium Acrylate/Sodium Acryloyldimethyl Taurate Copolymer,Phenoxyethanol,Isohexadecane,Caprylyl Glycol,Xanthan Gum,Lavandula Hybrida Oil,Tocopheryl Acetate,Polysorbate 80,Disodium EDTA,Citrus Aurantium Dulcis (Orange) Oil,Carbomer,Polysorbate 20,Adenosine,Palmitoyl Tripeptide-1,Codium Tomentosum Extract,Enteromorpha Compressa Extract,Gelidium Cartilagineum Extract,Laminaria Japonica Extract,Salicornia Herbacea Extract,Spirulina Platensis Extract,Undaria Pinnatifida Extract,Palmitoyl Tetrapeptide-7,bad
Skin1004 Madagascar Centella Ampoule, Water,Glycerin,Butylene Glycol,Centella Asiatica Extract,"1,2-Hexanediol",Cellulose Gum,Ethylhexylglycerin,bad
Skin1004 Madagascar Centella Hyalu-Cica Water-Fit Sun Serum, Water,Dibutyl Adipate,Propanediol,Diethylamino Hydroxybenzoyl Hexyl Benzoate,Polymethylsilsesquioxane,Ethylhexyl Triazone,Methylene Bis-Benzotriazolyl Tetramethylbutylphenol,Niacinamide,Coco-Caprylate/Caprate,Caprylyl Methicone,Diethylhexyl Butamido Triazone,Glycerine,"1,2-Hexanediol",Butylene Glycol,Centella Asiatica Extract (9800Ppm),Betula Alba Bark/Leaf Extract,Ginkgo Biloba Leaf Extract,Camellia Sinensis Leaf Extract,Triticum Vulgare Sprout Extract,Medicago Sativa Leaf Extract,Brassica Oleracea Italica Sprout Extract,Eruca Sativa Leaf Extract,Camellia Japonica Leaf Extract,Sodium Hyaluronate(10Ppm),Behenyl Alcohol,Poly C10-30 Alkyl Acrylate,Polyglyceryl-3 Methylglucose Distearate,Decyl Glucoside,Tromethamine,Carbomer,Acrylates/C10-30 Alkyl Acrylate Crosspolymer,Sodium Stearoyl Glutamate,Polyacrylate Crosspolymer-6,Adenosine,Xanthan Gum,T-Butyl Alcohol,Tocopherol,Hydrolyzed Hyaluronic Acid (1Ppm),Inositol,Hyaluronic Acid(0.01Ppm),Pentylene Glycol,Ethylhexylglycerin,bad
Skin1004 Madagascar Centella Poremizing Fresh Ampoule, Centella Asiatica Extract (50.47%),Aqua(Water),Butylene Glycol,Propanediol,"1,2-Hexanediol",Aloe Barbadensis Leaf Extract,Glycereth-26,Hydroxyacetophenone,Glycerin,Carbomer,Tromethamine,Panthenol,Ethylhexylglycerin,Disodium EDTA,Dipotassium Glycyrrhizate,Ammonium Polyacryloyldimethyl Taurate,Biosaccharide Gum-1,Hyaluronic Acid,Hydrolyzed Hyaluronic Acid,Sodium Hyaluronate,Hydroxyethylcellulose,Chamomilla Recutita (Matricaria) Flower Extract,Mineral Salts,Tripeptide-3,Acetyl Hexapeptide-8,Acetyl Octapeptide-3,Copper Tripeptide-1,Palmitoyl Pentapeptide-4,Palmitoyl Tetrapeptide-7,Palmitoyl Tripeptide-1,Tripeptide-1,Tripeptide-2,bad
Sulwhasoo First Care Activating Serum, Water/Aqua/Eau,Alcohol Denat,Butylene Glycol,Betaine,"1,2-Hexanediol",Bis-PEG-18 Methyl Ether Dimethyl Silane,Glyceryl Polymethacrylate,Carbomer,PEG-60 Hydrogenated Castor Oil,Tromethamine,Propanediol,Glyceryl Caprylate,Juglans Regia (Walnut) Seed Extract,Dextrin,Theobroma Cacao (Cocoa) Extract,Scutellaria Baicalensis Root Extract,Fragrance/Parfum,Ethylhexylglycerin,Adenosine,Limonene,Methyl Trimethicone,Disodium EDTA,Xanthan Gum,Cellulose Gum,Carrageenan,Honey / Mel / Miel,Madecassoside,Rehmannia Glutinosa Root Extract,Pentylene Glycol,Ophiopogon Japonicus Root Extract,Paeonia Lactiflora Root Extract,Lilium Candidum Bulb Extract,Linalool,Lycium Chinense Fruit Extract,Polygonatum Odoratum Rhizome Extract,Biosaccharide Gum-1,Propylene Glycol,Ziziphus Jujuba Fruit Extract,Nelumbo Nucifera Flower Extract,Pueraria Lobata Root Extract,Natto Gum,Glycyrrhiza Uralensis (Licorice) Root Extract,Prunus Mume Fruit Extract,Citronellol,Citral,Geraniol,Hydrogenated Lecithin,BHT,Citric Acid,Lentinus Edodes Extract,Tocopherol,Hydrolyzed Soybean Extract,Paeonia Albiflora Root Extract,Zingiber Officinale (Ginger) Root Extract,bad
Swanicoco The Bio Theraphy 1st Essence, Bifida Ferment Lysate,Butylene Glycol,Allantoin,Xanthan Gum,good
VT Cosmetics Reedle Shot 100, Water,Dipropylene Glycol,Glycerin,Niacinamide,Butylene Glycol,Macadamia Ternifolia Seed Oil,"1,2-Hexanediol",Ethylhexyl Palmitate,Sodium Acrylate/Sodium Acryloyldimethyl Taurate Copolymer,Polyisobutene,Silica,Glycereth-26,Ethylhexylglycerin,Caprylyl Glycol,Adenosine,Sodium Polyacrylate,Sodium Hyaluronate,Centella Asiatica Extract,Caprylyl/Capryl Glucoside,Sorbitan Oleate,Xanthan Gum,Propolis Extract,Asiaticoside,Madecassoside,Madecassic Acid,Asiatic Acid,Glycine,Serine,Glutamic Acid,Aspartic Acid,Leucine,Alanine,Lysine,Arginine,Tyrosine,Phenylalanine,Threonine,Proline,Valine,Isoleucine,Histidine,Methionine,Cysteine,bad
Dr. Ceuracle Royal Vita Propolis 33 Cream, Propolis Extract (33.5%),Water,Butylene Glycol,Hippophae Rhamnoides Fruit Extract (5%),Vegetable Oil,Polyglyceryl-3 Methylglucose Distearate,Niacinamide (2%),"1,2-Hexanediol",Ammonium Acryloyldimethyltaurate/VP Copolymer,Camellia Japonica Seed Oil,3-O-Ethyl Ascorbic Acid (1%),Laminaria Japonica Extract,Eclipta Prostrata Leaf Extract,Centella Asiatica Extract,Ficus Carica (Fig) Fruit Extract,Phellodendron Amurense Bark Extract,Royal Jelly Extract (0.1%),Hamamelis Virginiana (Witch Hazel) Extract,Acmella Oleracea Extract,Portulaca Oleracea Extract,Rosmarinus Officinalis (Rosemary) Leaf Extract,Chamomilla Recutita (Matricaria) Flower Extract,Theobroma Cacao (Cocoa) Seed Extract,Lupinus Albus Seed Extract,Citrus Aurantium Dulcis (Orange) Oil,Rosa Centifolia Flower Water,Sodium Hyaluronate,Hydrogenated Lecithin,Citrus Nobilis (Mandarin Orange) Peel Oil,Helianthus Annuus (Sunflower) Seed Oil,Litsea Cubeba Fruit Oil,Sodium Stearoyl Glutamate,Adenosine,Fructooligosaccharides,Beta-Glucan,Hydrolyzed Hyaluronic Acid,Dextrin,Ceramide NP,Tocopherol,Hydroxyacetophenone,Ethylhexylglycerin,good
Dr. Ceuracle Vegan Kombucha Tea Gel Cream, Water,Glycerin,Methylpropanediol,"1,2-Hexanediol",Dicaprylyl Ether,Glycereth-26,Niacinamide,Butylene Glycol,Dipropylene Glycol,Camellia Sinensis Leaf Extract,Saccharomyces Ferment Filtrate,Eclipta Prostrata Leaf Extract,Laminaria Japonica Extract,Hydroxyacetophenone,Camellia Sinensis Leaf Water,Polyquaternium-51,Helianthus Annuus (Sunflower) Seed Oil Unsaponifiables,Ethylhexylglycerin,Fructooligosaccharides,Beta-Glucan,Hydrogenated Lecithin,Carbomer,Theobroma Cacao (Cocoa) Seed Extract,Dextrin,Phellinus Linteus Extract,Arctium Lappa Root Extract,Ammonium Acryloyldimethyltaurate/VP Copolymer,Xanthan Gum,Tromethamine,Hydrolyzed Hyaluronic Acid,Schisandra Chinensis Fruit Extract,Rosmarinus Officinalis (Rosemary) Leaf Oil,Tocopherol,good
Dr. Ceuracle Hyal Reyouth Moist Sun, Water,Dibutyl Adipate,Propanediol,Ethylhexyl Triazone,Terephthalylidene Dicamphor Sulfonic Acid,Polyglyceryl-3 Distearate,Niacinamide,Tromethamine,"1,2-Hexanediol",Pentylene Glycol,Polysilicone-15,Diethylamino Hydroxybenzoyl Hexyl Benzoate,Cetearyl Alcohol,Glyceryl Stearate,Bis-Ethylhexyloxyphenol Methoxyphenyl Triazine,Glycerin,Carbomer,Fragrance,Ammonium Acryloyldimethyltaurate/VP Copolymer,Glyceryl Stearate Citrate,Inulin Lauryl Carbamate,Acrylates/C10-30 Alkyl Acrylate Crosspolymer,Sodium Stearoyl Glutamate,Sodium Hyaluronate,Ethylhexylglycerin,Adenosine,Methylpropanediol,Polyether-1,Panthenol,Tocopherol,Biosaccharide Gum-1,Fructan,Butylene Glycol,Hydrolyzed Hyaluronic Acid,Hydrolyzed Sodium Hyaluronate,Dimethylsilanol Hyaluronate,Hyaluronic Acid,Potassium Hyaluronate,Hydroxypropyltrimonium Hyaluronate,Sodium Hyaluronate Crosspolymer,Sodium Acetylated Hyaluronate,Sodium Hyaluronate Dimethylsilanol,bad
Isntree Green Tea Fresh Toner, Green Tea Extract,Purified Water,Ginkgo Biloba (Ginkgo) Leaf Extract,Asiatic Pennywort Extract,White Willow Bark Extract,Blueberry Extract,Pinus Palustris (Longleaf Pine) Leaf Extract,Ulmus Davidiana Root Extract,Evening Primrose Extract,Arrowroot,Hydrolyzed Hyaluronic Acid,Ammonium Acryloyldimethyltaurate/VP Copolymer,Allantoin,Dipotassium Glycyrrhizate,Beta-Glucan,Disodium EDTA,Hydroxyacetophenone,bad
Isntree Green Trea Fresh Cleanser, Water,Glycerin,Sodium Cocoyl Alaninate,Disodium Cocoamphodiacetate,Butylene Glycol,Sodium Methyl Cocoyl Taurate,"1,2-Hexanediol",Lauryl Hydroxysultaine,Xanthan Gum,Sodium Chloride,Caprylyl Glycol,Acrylates/C10-30 Alkyl Acrylate Crosspolymer,Camellia Sinensis Leaf Powder,Camellia Sinensis Leaf,Camellia Sinensis Leaf Extract,Sodium Phytate,Malt Extract,Hexylene Glycol,Oenothera Biennis (Evening Primrose) Flower Extract,Pinus Palustris Leaf Extract,Pueraria Thunbergiana Root Extract,Ulmus Davidiana Root Extract,Ethylhexylglycerin,Hydrolyzed Glycosaminoglycans,Propanediol,Sodium Hyaluronate Crosspolymer,Sodium Hyaluronate,Benzyl Glycol,Hydrolyzed Hyaluronic Acid,Hyaluronic Acid,good
BE THE SKIN BHA+ Pore Zero Toner, Salix Alba (Willow) Bark Water,Butylene Glycol,Glycerin,"1,2-Hexanediol",Alcohol,Hydroxyethylcellulose,Sodium Citrate,Salicylic Acid,Citric Acid,Salix Alba (Willow) Bark Extract,Pentylene Glycol,Propanediol,Tromethamine,Glycolipids,bad
BE THE SKIN BHA+ Pore Zero Serum, Water,Butylene Glycol,Butylene Glycol Dicaprylate/Dicaprate,"1,2-Hexanediol",Hydrogenated Polydecene,Propanediol,Glycerin,Salix Alba (Willow) Bark Water,Amylopectin,Dimethicone,Lauryl Glucoside,Polyglyceryl-6 Laurate,Xylitol,Ammonium Acryloyldimethyltaurate/VP Copolymer,Myristyl Glucoside,Arginine,Carbomer,Allantoin,Glycolic Acid,Disodium EDTA,Fragrance,Citric Acid,Chlorophyllin-Copper Complex,Undaria Pinnatifida Extract,Madecassoside,Asiaticoside,Pinus Palustris Leaf Extract,Ulmus Davidiana Root Extract,Oenothera Biennis (Evening Primrose) Flower Extract,Pueraria Lobata Root Extract,Asiatic Acid,Madecassic Acid,good
Celimax Derma Nature Fresh Blackhead Jojoba Cleansing Oil, Ethylhexyl Palmitate,Sorbeth-30 Tetraoleate,Citrus Aurantium Bergamia (Bergamot) Fruit Oil,Water,Limnanthes Alba (Meadowfoam) Seed Oil,Simmondsia Chinensis (Jojoba) Seed Oil (1500Ppm),Helianthus Annuus (Sunflower) Seed Oil,Prunus Amygdalus Dulcis (Sweet Almond) Oil,Olea Europaea (Olive) Fruit Oil,Vitis Vinifera (Grape) Seed Oil,Prunus Armeniaca (Apricot) Kernel Oil,Camellia Sinensis Leaf Extract,Alcohol,Zanthoxylum Piperitum Fruit Extract,Pulsatilla Koreana Extract,Usnea Barbata (Lichen) Extract,"1,2-Hexanediol",good
Be Plain Greenful Cleansing Oil, Ethylhexyl Palmitate,Cetyl Ethylhexanoate,Sorbeth-30 Tetraoleate,Sorbitan Sesquioleate,Camellia Sinensis Seed Oil,Phaseolus Radiatus Sprout Extract,Phaseolus Radiatus Extract,Phaseolus Radiatus Seed Extract,Vigna Radiata Seed Extract,Gardenia Florida Fruit Extract,Polyglyceryl-3 Polyricinoleate,Carthamus Tinctorius (Safflower) Flower Extract,Water,"1,2-Hexanediol",Allantoin,Panthenol,good
Missha Vita C Plus Spot Correcting Concentrate Ampoule, Water,Ascorbic Acid,Hippophae Rhamnoides Water,Dipropylene Glycol,Glycyrrhiza Uralensis (Licorice) Root Extract,Ethoxydiglycol,1,2-Hexanediol,Tranexamic Acid,Sodium Citrate,Chlorella Vulgaris Extract,Glucose,Choleth-24,Butylene Glycol,Fructooligosaccharides,Fructose,Tromethamine,Caprylyl Glycol,Arbutin,Niacinamide,Methyl Gluceth-10,Ethylhexylglycerin,Panthenol,Melia Azadirachta Flower Extract,Melia Azadirachta Leaf Extract,Xanthan Gum,Citrus Aurantium Dulcis (Orange) Peel Oil,Curcuma Longa (Turmeric) Root Extract,Ocimum Sanctum Leaf Extract,Sodium Hyaluronate,Citric Acid,Disodium EDTA,Citrus Grandis (Grapefruit) Peel Oil,Glycerin,Corallina Officinalis Extract,Eucalyptus Globulus Leaf Oil,Lavandula Angustifolia (Lavender) Oil,Dextrin,Theobroma Cacao (Cocoa) Seed Extract,Caprylic/Capric Triglyceride,Hydrolyzed Collagen,Hydrogenated Lecithin,Ceramide NP,Hyaluronic Acid,Tocopherol,Allantoin,Glyceryl Glucoside,Acetyl Hexapeptide-8,Hydrolyzed Hyaluronic Acid,PVP,Pentylene Glycol,Palmitoyl Tripeptide-5,Laurdimonium Hydroxypropyl Hydrolyzed Wheat Protein,Phytosterols,Fullerenes,3-O-Ethyl Ascorbic Acid,Ascorbyl Glucoside,bad
9wishes Treatment Sunscreen Pine Clear Recovery SPF 50 Pa++++, Purified Water,Ethylhexyl Methoxycinnamate,Butylene Glycol,Pinus Densiflora Leaf Extract (5%),Bis-Ethylhexyloxyphenol Methoxyphenyl Triazine,Glycerine,Zinc Oxide,Octocrylene,Cyclohexasiloxane,Cetearyl Alcohol,Beeswax,Cetearyl Olivate,Sorbitan Olivate,Dimethicone,Tremella Fuciformis Extract,Rhizobian Gum,Acacia Senegal Gum,Aloe Barbadensis Leaf Extract,Camellia Sinensis Leaf Extract,Laminaria Japonica Extract,Prunus Mume Fruit Extract,Brassica Oleracea Italica Extract,Apium Graveolens Extract,Spinacia Oleracea Leaf Extract,Persea Gratissima Fruit Extract,Cucumis Sativus Extract,Mentha Arvensis Extract,Magnesium Aluminum Silicate,Olea Europaea Fruit Oil,Simmondsia Chinensis Seed Oil,Sodium Hyaluronate,Sorbitan Sesquioleate,Butyrospermum Parkii,"1,2-Hexanediol",Caprylyl Glycol,Allantoin,Xanthan Gum,Adenosine,Ethylhexylglycerin,Dipotassium Glycyrrhizate,Pentylene Glycol,Aspalathus Linearis Extract,Glycyrrhiza Glabra Root Extract,Yucca Schidigera Root Extract,Commiphora Myrrha Resin Extract,Perilla Frutescens Leaf Extract,Artemisia Vulgaris Extract,Artemisia Capillaris Extract,bad
Cezanne Deep Moisture Skin Conditioner, Water,Glycerin,DPG,BG,Pearl,Barley Seed Extract,Ceramide AP,Ceramide NP,Ceramide EOP,Yuzu Fruit Extract,Phytosphingosine,Sodium Hyaluronate,Sodium Acetylhyaluronate,Hydrolyzed Hyaluronic Acid,Succinoyl Atelocollagen,Soybean Seed Extract,Glutamic Acid,Aloe Vera Leaf Extract,Lemon Fruit Extract,Rosemary Leaf Extract,Hops Extract,Red,Pine Cone Extract,Horsetail Extract,Pca-Na,Serine,Lysine,Glycine,Alanine,Arginine,Threonine,Proline,Cholesterol,Betaine,Allantoin,Sorbitol,EDTA 2Na,Xanthan Gum,Sodium Lauroyl Lactylate,Carbomer,Polystyrene,Sodium Benzoate,Methylparaben,Propylparaben,bad
Missha Bee Pollen Renew Ampouler, Pollen Extract,Glycerin,Water,Propanediol,Butylene Glycol,Glycereth-26,Methyl Trimethicone,Dipropylene Glycol,Niacinamide,C14-22 Alcohols,Dimethicone,Octyldodecanol,Panthenol,"1,2-Hexanediol",Glyceryl Stearate,Hydroxyethyl Urea,Chondrus Crispus Extract,Hydroxyethyl Acrylate/Sodium Acryloyldimethyl Taurate Copolymer,Choleth-24,C12-20 Alkyl Glucoside,Saccharum Officinarum (Sugarcane) Extract,Diphenyl Dimethicone,Triethylhexanoin,Sodium Polyacrylate,Hydrogenated Lecithin,Carbomer,Glyceryl Acrylate/Acrylic Acid Copolymer,Caprylic/Capric Triglyceride,Caprylyl Glycol,Tromethamine,Adenosine,Polysorbate 60,Sorbitan Isostearate,Helianthus Annuus (Sunflower) Seed Oil,Citric Acid,Disodium EDTA,Lavandula Angustifolia (Lavender) Oil,Ceramide NP,Dextrin,Theobroma Cacao (Cocoa) Seed Extract,Royal Jelly Extract,Pelargonium Graveolens Flower Oil,Anthemis Nobilis Flower Oil,Cananga Odorata Flower Oil,Citrus Aurantium Bergamia (Bergamot) Fruit Oil,Honey Extract,Rosa Damascena Flower Oil,Leontopodium Alpinum Callus Culture Extract,Aspalathus Linearis Leaf Extract,Anthemis Nobilis Flower Extract,Propolis Extract,Butyrospermum Parkii (Shea) Butter,Chrysanthemum Boreale Flower Extract,Ethylhexylglycerin,Sodium Hyaluronate,Phenethyl Alcohol,Maltodextrin,Hydrolyzed Royal Jelly Protein,bad
Missha Bee Pollen Renew Cream, Pollen Extract,Water,Butylene Glycol,Glycerin,Squalane,Butyrospermum Parkii (Shea) Butter,Hydrogenated Poly(C6-14 Olefin),Alcohol,Glyceryl Stearate,Caprylic/Capric Triglyceride,Caprylic/Capric/Myristic/Stearic Triglyceride,Niacinamide,Macadamia Integrifolia Seed Oil,"1,2-Hexanediol",PEG-40 Stearate,Cyclopentasiloxane,Cetearyl Alcohol,Pentylene Glycol,Panthenol,Cyclohexasiloxane,Polymethylsilsesquioxane,Sorbitol,PEG-100 Stearate,Raffinose,Synthetic Beeswax,Polyacrylate-13,Cetyl PEG/PPG-10/1 Dimethicone,PEG-30 Dipolyhydroxystearate,Palmitic Acid,Polyisobutene,Stearic Acid,Caprylyl Glycol,Hydroxyacetophenone,Tocopheryl Acetate,Copernicia Cerifera (Carnauba) Wax,Ethylhexylglycerin,Hydrogenated Lecithin,Adenosine,Polysorbate 20,Sorbitan Isostearate,Helianthus Annuus (Sunflower) Seed Oil,Lavandula Angustifolia (Lavender) Oil,Disodium EDTA,Melia Azadirachta Flower Extract,Dextrin,Melia Azadirachta Leaf Extract,Theobroma Cacao (Cocoa) Seed Extract,Curcuma Longa (Turmeric) Root Extract,Ocimum Sanctum Leaf Extract,Royal Jelly Extract,Pelargonium Graveolens Flower Oil,Anthemis Nobilis Flower Oil,Leontopodium Alpinum Callus Culture Extract,Myristic Acid,Cananga Odorata Flower Oil,Citrus Aurantium Bergamia (Bergamot) Fruit Oil,Aspalathus Linearis Leaf Extract,Arachidic Acid,Propanediol,Corallina Officinalis Extract,Lauric Acid,Rosa Damascena Flower Oil,Anthemis Nobilis Flower Extract,Oleic Acid,Tocopherol,Choleth-24,Honey Extract,Chrysanthemum Boreale Flower Extract,Propolis Extract,Sodium Hyaluronate,Ceramide NP,Phenethyl Alcohol,Maltodextrin,Hydrolyzed Royal Jelly Protein,bad
Anua Heartleaf Silky Moisture Sun Cream, Water,Houttuynia Cordata Extract (30%),Dibutyl Adipate,Propanediol,Ethylhexyl Triazone,Terephthalylidene Dicamphor Sulfonic Acid,Glycerin,Niacinamide,Caprylyl Methicone,Polymethylsilsesquioxane,Tromethamine,Polyglyceryl-3 Distearate,Cetearyl Alcohol,"1,2-Hexanediol",Pentylene Glycol,Diethylamino Hydroxybenzoyl Hexyl Benzoate,Polysilicone-15,Diospyros Kaki Leaf Extract,Anastatica Hierochuntica Extract,Vitis Vinifera (Grape) Fruit Extract,Carthamus Tinctorius (Safflower) Flower Extract,Coffea Arabica (Coffee) Seed Extract,Polygonum Cuspidatum Root Extract,Camellia Sinensis Leaf Extract,Castanea Crenata (Chestnut) Shell Extract,Zanthoxylum Piperitum Fruit Extract,Panthenol,Glyceryl Stearate,Bis-Ethylhexyloxyphenol Methoxyphenyl Triazine,Potassium Cetyl Phosphate,Methylpropanediol,Carbomer,Butylene Glycol,Glyceryl Stearate Citrate,Acrylates/C10-30 Alkyl Acrylate Crosspolymer,Ethylhexylglycerin,Ammonium Acryloyldimethyltaurate/VP Copolymer,Adenosine,Polyether-1,Biosaccharide Gum-1,bad
B-Lab Bamboo 365 Super Aqua Sunscreen, Water,Propanediol,Cyclopentasiloxane,Ethylhexyl Salicylate,Homosalate,Butyloctyl Salicylate,Niacinamide,Bis-Ethylhexyloxyphenol Methoxyphenyl Triazine,Methylene Bis-Benzotriazolyl Tetramethylbutylphenol,Polymethylsilsesquioxane,Polysilicone-15,Diethylamino Hydroxybenzoyl Hexyl Benzoate,Caprylyl Methicone,Melia Azadirachta Leaf Extract,Melia Azadirachta Flower Extract,Coccinia Indica Fruit Extract,Solanum Melongena (Eggplant) Fruit Extract,Aloe Barbadensis Flower Extract,Ocimum Sanctum Leaf Extract,Curcuma Longa (Turmeric) Root Extract,Corallina Officinalis Extract,Bambusa Vulgaris Water,Sodium Hyaluronate,"1,2-Hexanediol",Pentylene Glycol,Glycerin,Vp/Eicosene Copolymer,Silica,Behenyl Alcohol,Polyglyceryl-3 Methylglucose Distearate,Decyl Glucoside,Tromethamine,Carbomer,Panthenol,Acrylates/C10-30 Alkyl Acrylate Crosspolymer,Sodium Polyacrylate,Polyacrylate Crosspolymer-6,Ethylhexylglycerin,Sodium Stearoyl Glutamate,Adenosine,Polyether-1,Propylene Glycol,Xanthan Gum,Butylene Glycol,Tocopherol,good
numbuzin No.5 Vitamin Concentrated Serum, Vaccinium Vitis-Idaea Fruit Extract,Butylene Glycol,Niacinamide,Panthenol,Tranexamic Acid,Water,"1,2-Hexanediol",Neopentyl Glycol Dicaprate,Caprylic/Capric Triglyceride,Sorbitol,Bifida Ferment Lysate,Chondrus Crispus Extract,Butyrospermum Parkii (Shea) Butter,Saccharum Officinarum (Sugarcane) Extract,Alpha-Arbutin,Sodium Hyaluronate,Melia Azadirachta Flower Extract,Ocimum Sanctum Leaf Extract,Melia Azadirachta Leaf Extract,Curcuma Longa Turmeric Root Extract,Corallina Officinalis Extract,Tremella Fuciformis (Mushroom) Extract,Pentylene Glycol,Glycerin,3-0-Ethyl Ascorbic Acid,Bisabolol,Tromethamine,Ethylhexylglycerin,Adenosine,Hydrogenated Lecithin,Allantoin,Glutathione,Ceramide NP,Beta-Glucan,Dipotassium Glycyrrhizate,Tocopherol,Ascorbic Acid,Ascorbyl Glucoside,Tocopheryl Acetate,Hydroxypropyl Cyclodextrin,Ubiquinone,Thioctic Acid,Potassium Hydroxide,Behenyl Alcohol,Carbomer,Xanthan Gum,Disodium EDTA,bad
Centellian24 360 Shot Pdrn Active Serum, water,glycerin,polyglycerin-3,methyl gluceth-20,"1,2-hexanediol",niacinamide,methylpropanediol,butylene glycol,pichia ferment lysate filtrate,xylitylglucoside,xylitol,hydrolyzed collagen extract,sodium hyaluronate,theobroma cacao (cocoa) extract,rosa damascena flower water,rosa damascena flower oil,hydrolyzed collagen,panax ginseng berry extract,malus domestica fruit cell culture extract,gynostemma pentaphyllum leaf/stem extract,collagen amino acids,tillandsia usneoides extract,collagen extract,aspergillus ferment,swiftlet nest extract,propanediol,anhydroxylitol,"acrylates/c10-30 alkyl acrylate crosspolymer",polyglyceryl-10 laurate,glyceryl polyacrylate,tromethamine,sodium dna,allantoin,ethylhexylglycerin,adenosine,c12-13 alketh-3,dextrin,sodium phytate,beta-glucan,"palmitoyl tripeptide-5",tocopherol,glycosaminoglycans,hydrolyzed elastin,ethyl hexanediol,fragrance (parfum),limonene,good
Some By Mi Beta-panthenol Repair Serum, water (aqua),"2,3-butanediol",panthenol,dipropylene glycol,polyglyceryl-6 stearate,betaine,octyldodecanol,glycerin,"1,2-hexanediol",candida bombicola/glucose/methyl rapeseedate ferment,beta-sitosterol,squalane,vinyl dimethicone,polyglyceryl-6 behenate,jojoba esters,glyceryl stearate,stearyl alcohol,cetyl alcohol,carbomer,tocopherol,helianthus annuus (sunflower) seed oil,phytosterols,limnanthes alba (meadowfoam) seed oil,helianthus annuus (sunflower) seed wax,sodium stearoyl glutamate,canola oil,tromethamine,argania spinosa kernel oil,hydrogenated lecithin,polyglyceryl-10 stearate,sodium surfactin,dipotassium glycyrrhizate,sorbitan olivate,adenosine,cetearyl olivate,citric acid,musa sapientum (banana) fruit extract,rosa damascena flower water,sodium phytate,pyrus communis (pear) fruit extract,prunus domestica fruit extract,hydrolyzed hyaluronic acid,cucumis melo (melon) fruit extract,polyglycerin-3,beta-glucan,hedera helix (ivy) leaf/stem extract,cetearyl alcohol,stearic acid,propanediol,ceramide np,ceramide ns,phytosphingosine,cholesterol,lactococcus ferment lysate,ceramide as,ceramide ap,bifida ferment lysate,lactobacillus ferment lysate,ceramide eop,bad
ROUND LAB Camellia Deep Collagen Firming Gel Mask -, water,glycerin,cetyl ethylhexanoate,dipropylene glycol,hydrolyzed collagen,soluble collagen,niacinamide,propanediol,butylene glycol,panthenol,allantoin,chondrus crispus powder,"1,2-hexanediol",camellia japonica flower extract,shea butter,hydroxyethyl urea,betaine,acrylates copolymer,trehalose,quercetin,ethylhexyl olivate,xanthan gum,hydrogenated polyisobutene,polyglyceryl-4 caprate,polyglyceryl-6 caprylate,sodium acrylates copolymer,adenosine,cellulose gum,ethylhexylglycerin,polyglyceryl-4 oleate,dipotassium glycyrrhizate,polyglyceryl-10 laurate,ethylhexyl palmitate,inositol,sodium hyaluronate,sorbitan isostearate,cyanocobalamin,dimethyl isosorbide,hydroxypinacolone retinoate,arginine,tocopherol,potassium chloride,glucomannan,bad
Biodance Hydro Cera-nol Real Deep Mask, water,dipropylene glycol,glycerin,cetyl ethylhexanoate,niacinamide,xanthan gum,ceratonia siliqua (carob) gum,chondrus crispus,betaine,panthenol,hydroxyacetophenone,ethylhexyl olivate,butyrospermum parkii (shea) butter,potassium chloride,caprylyl glycol,butylene glycol,cellulose gum,"1,2-hexanediol",sucrose,polyacrylate-13,sodium acrylates copolymer,algin,glyceryl stearate,chondrus crispus extract,glucomannan,polyglyceryl-4 oleate,ethylhexylglycerin,hydrolyzed hyaluronic acid,hydrogenated polyisobutene,adenosine,pyrus communis (pear) fruit extract,disodium edta,polyglyceryl-10 laurate,rosa damascena flower water,ethylhexyl palmitate,allantoin,iris florentina root extract,sorbitan isostearate,cucumis melo (melon) fruit extract,hydrogenated lecithin,hedera helix (ivy) leaf/stem extract,dextrin,cetearyl alcohol,stearic acid,sodium hyaluronate,dipotassium glycyrrhizate,collagen extract,coriandrum sativum (coriander) extract,foeniculum vulgare (fennel) seed extract,elettaria cardamomum seed extract,crocus sativus flower extract,hydroxypropyltrimonium hyaluronate,ceramide np,tocopherol,ceramide ns,cholesterol,sodium acetylated hyaluronate,phytosphingosine,ceramide ap,ceramide as,hyaluronic acid,hydrolyzed sodium hyaluronate,sodium hyaluronate crosspolymer,potassium hyaluronate,ceramide eop,good
Missha Time Revolution Night Repair Ampoule, bifida ferment lysate,butylene glycol,glycerin,propanediol,betaine,purified water,niacinamide,pentylene glycol,"1,2-hexanediol",chondrus crispus extract,saccharum officinarum (sugarcane) extract,theobroma cacao (cocoa) extract,citrus aurantium bergamia (bergamot) fruit oil,sodium hyaluronate,lactobacillus ferment,lactobacillus ferment lysate,bifida ferment filtrate,lactobacillus/acerola cherry ferment,lactobacillus/punica granatum fruit ferment extract,lactobacillus/soybean ferment extract,lactococcus ferment,lactococcus ferment lysate,leuconostoc/radish root ferment filtrate,pelargonium graveolens flower oil,beta vulgaris (beet) root extract,brassica oleracea capitata (cabbage) leaf extract,daucus carota sativa (carrot) root extract,solanum melongena (eggplant) fruit extract,vaccinium angustifolium (blueberry) fruit extract,helianthus annuus (sunflower) seed oil,citrus aurantium dulcis (orange) peel oil,lavandula angustifolia (lavender) oil,lupinus albus seed extract,aspergillus ferment,swiftlet nest extract,anthemis nobilis flower oil,santalum album (sandalwood) oil,diethoxyethyl succinate,squalane,panthenol,polyglyceryl-10 laurate,hydrogenated lecithin,tromethamine,polyquaternium-51,ethylhexylglycerin,adenosine,dextrin,tocopherol,ceramide np,cholesterol,carbomer,xanthan gum,disodium edta,limonene,bad
Anua Azelaic Acid 10 Hyaluron Redness Soothing Serum, water,azelaic acid,propylene glycol,sodium hydroxide,dipropylene glycol,"1,2-hexanediol",panthenol,hydroxyethylcellulose,betaine salicylate,glycerin,biosaccharide gum-1,ethylhexylglycerin,allantoin,dipotassium glycyrrhizate,melia azadirachta leaf extract,camellia sinensis leaf water,sodium hyaluronate,melia azadirachta flower extract,niacinamide,aloe barbadensis leaf juice,beta-glucan,centella asiatica extract,centella asiatica leaf extract,centella asiatica root extract,madecassoside,asiaticoside,asiatic acid,madecassic acid,squalane,zinc pca,butylene glycol,pentylene glycol,caprylyl/capryl glucoside,hydrogenated lecithin,ceramide np,bad
